Workbook

Sheet 물질정보
A1: 내부식별자 | B1: CAS | C1: 물질명 | D1: 분자식 | E1: 분자량 | F1: SMILES
A2: A-1 | B2: - | C2: 9-(9H-Carbazol-9-yl)-7H-benzo[c]carbazole | D2: C28H18N2 | E2: 382.5 g/mol | F2: C1=CC=C2C(=C1)C=CC3=C2C4=C(N3)C=C(C=C4)N5C6=CC=CC=C6C7=CC=CC=C75 | G2: c1ccc4c(c1)ccc3[nH]c2cc(ccc2c34)n6c7ccccc7(c5ccccc56)
A3: A-2 | B3: 205-25-4 | C3: 7H-Benzo[c]carbazole | D3: C16H11N | E3: 217.26 g/mol | F3: C1=CC=C2C(=C1)C=CC3=C2C4=CC=CC=C4N3
A4: B-1 | B4: 97-63-2 | C4: ethyl methacrylate | D4: C6H10O2 | E4: 114.14 g/mol | F4: CCOC(=O)C(=C)C
A5: B-2 | B5: 868-77-9 | C5: 2-hydroxyethyl methacrylate | D5: C6H10O3 | E5: 130.139 g/mol | F5: CC(=C)C(=O)OCCO
A6: B-3 | B6: 97-88-1 | C6: butyl methacrylate | D6: C8H14O2 | E6: 142.2 g/mol | F6: CCCCOC(=O)C(=C)C
A7: B-4 | B7: 997-46-6 | C7: 4-hydroxybutyl methacrylate | D7: C8H14O3 | E7: 158.19 g/mol | F7: CC(=C)C(=O)OCCCCO
A8: B-5 | B8: 140-88-5 | C8: ethyl acrylate | D8: C5H8O2 | E8: 100.12 g/mol | F8: CCOC(=O)C=C
A9: B-6 | B9: 818-61-1 | C9: 2-hydroxyethyl acrylate | D9: C5H8O3 | E9: 116.11 g/mol | F9: C=CC(=O)OCCO
A10: B-7 | B10: 141-32-2 | C10: butyl acrylate | D10: C7H12O2 | E10: 128.169 g/mol | F10: CCCCOC(=O)C=C
A11: B-8 | B11: 2478-10-6 | C11: 4-hydroxybutyl acrylate | D11: C7H12O3 | E11: 144.17 g/mol | F11: C=CC(=O)OCCCCO
A12: B-9 | B12: 2499-95-8 | C12: hexyl acrylate | D12: C9H16O2 | E12: 156.22 g/mol | F12: CCCCCCOC(=O)C=C
A13: B-10 | B13: 10095-14-4 | C13: 6-hydroxybutyl acrylate | D13: C9H16O3 | E13: 172.22 g/mol | F13: C=CC(=O)OCCCCCCO

Sheet 유해성정보
A1: 우선순위 | B1: 내부식별자 | C1: CAS | D1: 물질명 | E1: 분자식 | F1: 분자량 | G1: SMILES | H1: 대분류 | I1: 유해성항목 | J1: Endpoint | K1: Result | L1: 단위 | M1: 시험종 | N1: Strain | O1: 성별 | P1: Duration | Q1: Duration_unit | R1: 결과도출방법 | S1: 시험지침 | T1: Domain status | U1: 모델 종류 및 버전 | V1: 출처 | W1: 시험종(표준) | X1: Duration(표준) | Y1: Endpoint(표준)
B2: B-3 | C2: =VLOOKUP(B2,[1]물질정보!B:C,2,0) -> 97-88-1 | D2: =VLOOKUP(B2,[1]물질정보!B:D,3,0) -> butyl methacrylate | E2: =VLOOKUP(B2,[1]물질정보!B:E,4,0) -> C8H14O2 | F2: =VLOOKUP(B2,[1]물질정보!B:F,5,0) -> 142.2 g/mol | G2: =VLOOKUP(B2,[1]물질정보!B:G,6,0) -> CCCCOC(=O)C(=C)C | H2: 환경 | I2: 담수조류생장저해 | J2: EC50 | K2: - | L2: log(mmol/L) | M2: - | N2: - | O2: - | P2: 96 | Q2: h | R2: QSAR | S2: - | T2: Not applicable | U2: ECOSAR: GREEN ALGAE 96 h EC50 Growth (v1.11) | V2: QSAR Toolbox v.4.8 | W2: Green Algae | X2: 96 h | Y2: EC50
B3: B-3 | C3: =VLOOKUP(B3,[1]물질정보!B:C,2,0) -> 97-88-1 | D3: =VLOOKUP(B3,[1]물질정보!B:D,3,0) -> butyl methacrylate | E3: =VLOOKUP(B3,[1]물질정보!B:E,4,0) -> C8H14O2 | F3: =VLOOKUP(B3,[1]물질정보!B:F,5,0) -> 142.2 g/mol | G3: =VLOOKUP(B3,[1]물질정보!B:G,6,0) -> CCCCOC(=O)C(=C)C | H3: 환경 | I3: 담수조류생장저해 | J3: EC50 | K3: - | L3: log(mmol/L) | M3: - | N3: - | O3: - | P3: 96 | Q3: h | R3: QSAR | S3: - | T3: Not applicable | U3: ECOSAR: ALGAE 96 h EC50 Growth (v1.11) | V3: QSAR Toolbox v.4.8 | W3: Green Algae | X3: 96 h | Y3: EC50
B4: B-3 | C4: =VLOOKUP(B4,[1]물질정보!B:C,2,0) -> 97-88-1 | D4: =VLOOKUP(B4,[1]물질정보!B:D,3,0) -> butyl methacrylate | E4: =VLOOKUP(B4,[1]물질정보!B:E,4,0) -> C8H14O2 | F4: =VLOOKUP(B4,[1]물질정보!B:F,5,0) -> 142.2 g/mol | G4: =VLOOKUP(B4,[1]물질정보!B:G,6,0) -> CCCCOC(=O)C(=C)C | H4: 환경 | I4: 담수조류생장저해 | J4: EC50 | K4: 23.59368 | L4: mg/L | M4: - | N4: - | O4: - | P4: 72 | Q4: h | R4: QSAR | S4: - | T4: In domain | U4: Pseudokirchneriella subcapitata 72h EC50 - Danish QSAR DB battery model (v1.0) | V4: QSAR Toolbox v.4.8 | W4: P. subcapitata | X4: 72 h | Y4: EC50
B5: B-3 | C5: =VLOOKUP(B5,[1]물질정보!B:C,2,0) -> 97-88-1 | D5: =VLOOKUP(B5,[1]물질정보!B:D,3,0) -> butyl methacrylate | E5: =VLOOKUP(B5,[1]물질정보!B:E,4,0) -> C8H14O2 | F5: =VLOOKUP(B5,[1]물질정보!B:F,5,0) -> 142.2 g/mol | G5: =VLOOKUP(B5,[1]물질정보!B:G,6,0) -> CCCCOC(=O)C(=C)C | H5: 환경 | I5: 담수조류생장저해 | J5: EC50 | K5: 23.59368 | L5: mg/L | M5: - | N5: - | O5: - | P5: 72 | Q5: h | R5: QSAR | S5: - | T5: In domain | U5: Pseudokirchneriella subcapitata 72h EC50 - Danish QSAR DB battery model (v1.0) | V5: QSAR Toolbox v.4.8 | W5: P. subcapitata | X5: 72 h | Y5: EC50
B6: B-3 | C6: =VLOOKUP(B6,[1]물질정보!B:C,2,0) -> 97-88-1 | D6: =VLOOKUP(B6,[1]물질정보!B:D,3,0) -> butyl methacrylate | E6: =VLOOKUP(B6,[1]물질정보!B:E,4,0) -> C8H14O2 | F6: =VLOOKUP(B6,[1]물질정보!B:F,5,0) -> 142.2 g/mol | G6: =VLOOKUP(B6,[1]물질정보!B:G,6,0) -> CCCCOC(=O)C(=C)C | H6: 환경 | I6: 담수조류생장저해 | J6: EC50 | K6: 23.59368 | L6: mg/L | M6: - | N6: - | O6: - | P6: 72 | Q6: h | R6: QSAR | S6: - | T6: In domain | U6: Pseudokirchneriella subcapitata 72h EC50 - Danish QSAR DB battery model (v1.0) | V6: QSAR Toolbox v.4.8 | W6: P. subcapitata | X6: 72 h | Y6: EC50
B7: B-3 | C7: =VLOOKUP(B7,[1]물질정보!B:C,2,0) -> 97-88-1 | D7: =VLOOKUP(B7,[1]물질정보!B:D,3,0) -> butyl methacrylate | E7: =VLOOKUP(B7,[1]물질정보!B:E,4,0) -> C8H14O2 | F7: =VLOOKUP(B7,[1]물질정보!B:F,5,0) -> 142.2 g/mol | G7: =VLOOKUP(B7,[1]물질정보!B:G,6,0) -> CCCCOC(=O)C(=C)C | H7: 환경 | I7: 물벼룩급성독성 | J7: EC50 | K7: 34.42406 | L7: mg/L | M7: - | N7: - | O7: - | P7: 48 | Q7: h | R7: QSAR | S7: - | T7: In domain | U7: Daphnia magna 48h EC50 - Danish QSAR DB battery model (v1.0) | V7: QSAR Toolbox v.4.8 | W7: Daphnia magna | X7: 48 h | Y7: EC50
B8: B-3 | C8: =VLOOKUP(B8,[1]물질정보!B:C,2,0) -> 97-88-1 | D8: =VLOOKUP(B8,[1]물질정보!B:D,3,0) -> butyl methacrylate | E8: =VLOOKUP(B8,[1]물질정보!B:E,4,0) -> C8H14O2 | F8: =VLOOKUP(B8,[1]물질정보!B:F,5,0) -> 142.2 g/mol | G8: =VLOOKUP(B8,[1]물질정보!B:G,6,0) -> CCCCOC(=O)C(=C)C | H8: 환경 | I8: 물벼룩급성독성 | J8: EC50 | K8: 34.42406 | L8: mg/L | M8: - | N8: - | O8: - | P8: 48 | Q8: h | R8: QSAR | S8: - | T8: In domain | U8: Daphnia magna 48h EC50 - Danish QSAR DB battery model (v1.0) | V8: QSAR Toolbox v.4.8 | W8: Daphnia magna | X8: 48 h | Y8: EC50
B9: B-3 | C9: =VLOOKUP(B9,[1]물질정보!B:C,2,0) -> 97-88-1 | D9: =VLOOKUP(B9,[1]물질정보!B:D,3,0) -> butyl methacrylate | E9: =VLOOKUP(B9,[1]물질정보!B:E,4,0) -> C8H14O2 | F9: =VLOOKUP(B9,[1]물질정보!B:F,5,0) -> 142.2 g/mol | G9: =VLOOKUP(B9,[1]물질정보!B:G,6,0) -> CCCCOC(=O)C(=C)C | H9: 환경 | I9: 물벼룩급성독성 | J9: EC50 | K9: 34.42406 | L9: mg/L | M9: - | N9: - | O9: - | P9: 48 | Q9: h | R9: QSAR | S9: - | T9: In domain | U9: Daphnia magna 48h EC50 - Danish QSAR DB battery model (v1.0) | V9: QSAR Toolbox v.4.8 | W9: Daphnia magna | X9: 48 h | Y9: EC50
B10: B-3 | C10: =VLOOKUP(B10,[1]물질정보!B:C,2,0) -> 97-88-1 | D10: =VLOOKUP(B10,[1]물질정보!B:D,3,0) -> butyl methacrylate | E10: =VLOOKUP(B10,[1]물질정보!B:E,4,0) -> C8H14O2 | F10: =VLOOKUP(B10,[1]물질정보!B:F,5,0) -> 142.2 g/mol | G10: =VLOOKUP(B10,[1]물질정보!B:G,6,0) -> CCCCOC(=O)C(=C)C | H10: 환경 | I10: 물벼룩급성독성 | J10: LC50 | K10: 6.1943902 | L10: mg/L | M10: - | N10: - | O10: - | P10: 48 | Q10: h | R10: QSAR | S10: - | T10: In domain | U10: ECOSAR: DAPHNIA 48 h LC50 Mortality Methacrylates (v1.11) | V10: QSAR Toolbox v.4.8 | W10: Daphnia magna | X10: 48 h | Y10: LC50
B11: B-3 | C11: =VLOOKUP(B11,[1]물질정보!B:C,2,0) -> 97-88-1 | D11: =VLOOKUP(B11,[1]물질정보!B:D,3,0) -> butyl methacrylate | E11: =VLOOKUP(B11,[1]물질정보!B:E,4,0) -> C8H14O2 | F11: =VLOOKUP(B11,[1]물질정보!B:F,5,0) -> 142.2 g/mol | G11: =VLOOKUP(B11,[1]물질정보!B:G,6,0) -> CCCCOC(=O)C(=C)C | H11: 환경 | I11: 물벼룩급성독성 | J11: LC50 | K11: 6.1943902 | L11: mg/L | M11: - | N11: - | O11: - | P11: 48 | Q11: h | R11: QSAR | S11: - | T11: In domain | U11: ECOSAR: DAPHNIA 48 h LC50 Mortality Methacrylates (v1.11) | V11: QSAR Toolbox v.4.8 | W11: Daphnia magna | X11: 48 h | Y11: LC50
B12: B-3 | C12: =VLOOKUP(B12,[1]물질정보!B:C,2,0) -> 97-88-1 | D12: =VLOOKUP(B12,[1]물질정보!B:D,3,0) -> butyl methacrylate | E12: =VLOOKUP(B12,[1]물질정보!B:E,4,0) -> C8H14O2 | F12: =VLOOKUP(B12,[1]물질정보!B:F,5,0) -> 142.2 g/mol | G12: =VLOOKUP(B12,[1]물질정보!B:G,6,0) -> CCCCOC(=O)C(=C)C | H12: 환경 | I12: 물벼룩급성독성 | J12: LC50 | K12: 6.1943902 | L12: mg/L | M12: - | N12: - | O12: - | P12: 48 | Q12: h | R12: QSAR | S12: - | T12: In domain | U12: ECOSAR: DAPHNIA 48 h LC50 Mortality Methacrylates (v1.11) | V12: QSAR Toolbox v.4.8 | W12: Daphnia magna | X12: 48 h | Y12: LC50
B13: B-3 | C13: =VLOOKUP(B13,[1]물질정보!B:C,2,0) -> 97-88-1 | D13: =VLOOKUP(B13,[1]물질정보!B:D,3,0) -> butyl methacrylate | E13: =VLOOKUP(B13,[1]물질정보!B:E,4,0) -> C8H14O2 | F13: =VLOOKUP(B13,[1]물질정보!B:F,5,0) -> 142.2 g/mol | G13: =VLOOKUP(B13,[1]물질정보!B:G,6,0) -> CCCCOC(=O)C(=C)C | H13: 환경 | I13: 어류급성독성 | J13: LC50 | K13: 3.402307 | L13: mg/L | M13: - | N13: - | O13: - | P13: 96 | Q13: h | R13: QSAR | S13: - | T13: In domain | U13: Fathead minnow 96h LC50 - Danish QSAR DB battery model (v1.0) | V13: QSAR Toolbox v.4.8 | W13: Fathead minnow | X13: 96 h | Y13: LC50
B14: B-3 | C14: =VLOOKUP(B14,[1]물질정보!B:C,2,0) -> 97-88-1 | D14: =VLOOKUP(B14,[1]물질정보!B:D,3,0) -> butyl methacrylate | E14: =VLOOKUP(B14,[1]물질정보!B:E,4,0) -> C8H14O2 | F14: =VLOOKUP(B14,[1]물질정보!B:F,5,0) -> 142.2 g/mol | G14: =VLOOKUP(B14,[1]물질정보!B:G,6,0) -> CCCCOC(=O)C(=C)C | H14: 환경 | I14: 어류급성독성 | J14: LC50 | K14: 3.402307 | L14: mg/L | M14: - | N14: - | O14: - | P14: 96 | Q14: h | R14: QSAR | S14: - | T14: In domain | U14: Fathead minnow 96h LC50 - Danish QSAR DB battery model (v1.0) | V14: QSAR Toolbox v.4.8 | W14: Fathead minnow | X14: 96 h | Y14: LC50
B15: B-3 | C15: =VLOOKUP(B15,[1]물질정보!B:C,2,0) -> 97-88-1 | D15: =VLOOKUP(B15,[1]물질정보!B:D,3,0) -> butyl methacrylate | E15: =VLOOKUP(B15,[1]물질정보!B:E,4,0) -> C8H14O2 | F15: =VLOOKUP(B15,[1]물질정보!B:F,5,0) -> 142.2 g/mol | G15: =VLOOKUP(B15,[1]물질정보!B:G,6,0) -> CCCCOC(=O)C(=C)C | H15: 환경 | I15: 어류급성독성 | J15: LC50 | K15: 3.402307 | L15: mg/L | M15: - | N15: - | O15: - | P15: 96 | Q15: h | R15: QSAR | S15: - | T15: In domain | U15: Fathead minnow 96h LC50 - Danish QSAR DB battery model (v1.0) | V15: QSAR Toolbox v.4.8 | W15: Fathead minnow | X15: 96 h | Y15: LC50
B16: B-3 | C16: =VLOOKUP(B16,[1]물질정보!B:C,2,0) -> 97-88-1 | D16: =VLOOKUP(B16,[1]물질정보!B:D,3,0) -> butyl methacrylate | E16: =VLOOKUP(B16,[1]물질정보!B:E,4,0) -> C8H14O2 | F16: =VLOOKUP(B16,[1]물질정보!B:F,5,0) -> 142.2 g/mol | G16: =VLOOKUP(B16,[1]물질정보!B:G,6,0) -> CCCCOC(=O)C(=C)C | H16: 환경 | I16: 어류급성독성 | J16: LC50 | K16: - | L16: log(mmol/L) | M16: - | N16: - | O16: - | P16: 96 | Q16: h | R16: QSAR | S16: - | T16: Not applicable | U16: ECOSAR: FISH (SW) 96 h LC50 Mortality (v1.11) | V16: QSAR Toolbox v.4.8 | W16: Fish (Saltwater) | X16: 96 h | Y16: LC50
B17: B-3 | C17: =VLOOKUP(B17,[1]물질정보!B:C,2,0) -> 97-88-1 | D17: =VLOOKUP(B17,[1]물질정보!B:D,3,0) -> butyl methacrylate | E17: =VLOOKUP(B17,[1]물질정보!B:E,4,0) -> C8H14O2 | F17: =VLOOKUP(B17,[1]물질정보!B:F,5,0) -> 142.2 g/mol | G17: =VLOOKUP(B17,[1]물질정보!B:G,6,0) -> CCCCOC(=O)C(=C)C | H17: 환경 | I17: 어류급성독성 | J17: LC50 | K17: 7.5841459 | L17: mg/L | M17: - | N17: - | O17: - | P17: 96 | Q17: h | R17: QSAR | S17: - | T17: In domain | U17: ECOSAR: FISH 96 h LC50 Mortality Methacrylates (v1.11) | V17: QSAR Toolbox v.4.8 | W17: Fish (Freshwater) | X17: 96 h | Y17: LC50
B18: B-3 | C18: =VLOOKUP(B18,[1]물질정보!B:C,2,0) -> 97-88-1 | D18: =VLOOKUP(B18,[1]물질정보!B:D,3,0) -> butyl methacrylate | E18: =VLOOKUP(B18,[1]물질정보!B:E,4,0) -> C8H14O2 | F18: =VLOOKUP(B18,[1]물질정보!B:F,5,0) -> 142.2 g/mol | G18: =VLOOKUP(B18,[1]물질정보!B:G,6,0) -> CCCCOC(=O)C(=C)C | H18: 환경 | I18: 어류급성독성 | J18: LC50 | K18: 7.5841459 | L18: mg/L | M18: - | N18: - | O18: - | P18: 96 | Q18: h | R18: QSAR | S18: - | T18: In domain | U18: ECOSAR: FISH 96 h LC50 Mortality Methacrylates (v1.11) | V18: QSAR Toolbox v.4.8 | W18: Fish (Freshwater) | X18: 96 h | Y18: LC50
B19: B-3 | C19: =VLOOKUP(B19,[1]물질정보!B:C,2,0) -> 97-88-1 | D19: =VLOOKUP(B19,[1]물질정보!B:D,3,0) -> butyl methacrylate | E19: =VLOOKUP(B19,[1]물질정보!B:E,4,0) -> C8H14O2 | F19: =VLOOKUP(B19,[1]물질정보!B:F,5,0) -> 142.2 g/mol | G19: =VLOOKUP(B19,[1]물질정보!B:G,6,0) -> CCCCOC(=O)C(=C)C | H19: 환경 | I19: 어류급성독성 | J19: LC50 | K19: 7.5841459 | L19: mg/L | M19: - | N19: - | O19: - | P19: 96 | Q19: h | R19: QSAR | S19: - | T19: In domain | U19: ECOSAR: FISH 96 h LC50 Mortality Methacrylates (v1.11) | V19: QSAR Toolbox v.4.8 | W19: Fish (Freshwater) | X19: 96 h | Y19: LC50
B20: B-3 | C20: =VLOOKUP(B20,[1]물질정보!B:C,2,0) -> 97-88-1 | D20: =VLOOKUP(B20,[1]물질정보!B:D,3,0) -> butyl methacrylate | E20: =VLOOKUP(B20,[1]물질정보!B:E,4,0) -> C8H14O2 | F20: =VLOOKUP(B20,[1]물질정보!B:F,5,0) -> 142.2 g/mol | G20: =VLOOKUP(B20,[1]물질정보!B:G,6,0) -> CCCCOC(=O)C(=C)C | H20: 환경 | I20: 담수조류생장저해 | J20: EC50 | K20: 0.14728356 | L20: mg/L | M20: - | N20: - | O20: - | P20: 96 | Q20: h | R20: QSAR | S20: - | T20: In domain | U20: ECOSAR: GREEN ALGAE 96 h EC50 Methacrylates (v1.11) | V20: QSAR Toolbox v.4.8 | W20: Green Algae | X20: 96 h | Y20: EC50
B21: B-3 | C21: =VLOOKUP(B21,[1]물질정보!B:C,2,0) -> 97-88-1 | D21: =VLOOKUP(B21,[1]물질정보!B:D,3,0) -> butyl methacrylate | E21: =VLOOKUP(B21,[1]물질정보!B:E,4,0) -> C8H14O2 | F21: =VLOOKUP(B21,[1]물질정보!B:F,5,0) -> 142.2 g/mol | G21: =VLOOKUP(B21,[1]물질정보!B:G,6,0) -> CCCCOC(=O)C(=C)C | H21: 환경 | I21: 담수조류생장저해 | J21: EC50 | K21: 0.14728356 | L21: mg/L | M21: - | N21: - | O21: - | P21: 96 | Q21: h | R21: QSAR | S21: - | T21: In domain | U21: ECOSAR: GREEN ALGAE 96 h EC50 Methacrylates (v1.11) | V21: QSAR Toolbox v.4.8 | W21: Green Algae | X21: 96 h | Y21: EC50
B22: B-3 | C22: =VLOOKUP(B22,[1]물질정보!B:C,2,0) -> 97-88-1 | D22: =VLOOKUP(B22,[1]물질정보!B:D,3,0) -> butyl methacrylate | E22: =VLOOKUP(B22,[1]물질정보!B:E,4,0) -> C8H14O2 | F22: =VLOOKUP(B22,[1]물질정보!B:F,5,0) -> 142.2 g/mol | G22: =VLOOKUP(B22,[1]물질정보!B:G,6,0) -> CCCCOC(=O)C(=C)C | H22: 환경 | I22: 담수조류생장저해 | J22: EC50 | K22: 0.14728356 | L22: mg/L | M22: - | N22: - | O22: - | P22: 96 | Q22: h | R22: QSAR | S22: - | T22: In domain | U22: ECOSAR: GREEN ALGAE 96 h EC50 Methacrylates (v1.11) | V22: QSAR Toolbox v.4.8 | W22: Green Algae | X22: 96 h | Y22: EC50
B23: B-9 | C23: =VLOOKUP(B23,[1]물질정보!B:C,2,0) -> 2499-95-8 | D23: =VLOOKUP(B23,[1]물질정보!B:D,3,0) -> hexyl acrylate | E23: =VLOOKUP(B23,[1]물질정보!B:E,4,0) -> C9H16O2 | F23: =VLOOKUP(B23,[1]물질정보!B:F,5,0) -> 156.22 g/mol | G23: =VLOOKUP(B23,[1]물질정보!B:G,6,0) -> CCCCCCOC(=O)C=C | H23: 환경 | I23: 담수조류생장저해 | J23: EC50 | K23: 13.81745 | L23: mg/L | M23: - | N23: - | O23: - | P23: 72 | Q23: h | R23: QSAR | S23: - | T23: In domain | U23: Pseudokirchneriella subcapitata 72h EC50 - Danish QSAR DB battery model (v1.0) | V23: QSAR Toolbox v.4.8 | W23: P. subcapitata | X23: 72 h | Y23: EC50
B24: B-9 | C24: =VLOOKUP(B24,[1]물질정보!B:C,2,0) -> 2499-95-8 | D24: =VLOOKUP(B24,[1]물질정보!B:D,3,0) -> hexyl acrylate | E24: =VLOOKUP(B24,[1]물질정보!B:E,4,0) -> C9H16O2 | F24: =VLOOKUP(B24,[1]물질정보!B:F,5,0) -> 156.22 g/mol | G24: =VLOOKUP(B24,[1]물질정보!B:G,6,0) -> CCCCCCOC(=O)C=C | H24: 환경 | I24: 담수조류생장저해 | J24: EC50 | K24: 13.81745 | L24: mg/L | M24: - | N24: - | O24: - | P24: 72 | Q24: h | R24: QSAR | S24: - | T24: In domain | U24: Pseudokirchneriella subcapitata 72h EC50 - Danish QSAR DB battery model (v1.0) | V24: QSAR Toolbox v.4.8 | W24: P. subcapitata | X24: 72 h | Y24: EC50
B25: B-9 | C25: =VLOOKUP(B25,[1]물질정보!B:C,2,0) -> 2499-95-8 | D25: =VLOOKUP(B25,[1]물질정보!B:D,3,0) -> hexyl acrylate | E25: =VLOOKUP(B25,[1]물질정보!B:E,4,0) -> C9H16O2 | F25: =VLOOKUP(B25,[1]물질정보!B:F,5,0) -> 156.22 g/mol | G25: =VLOOKUP(B25,[1]물질정보!B:G,6,0) -> CCCCCCOC(=O)C=C | H25: 환경 | I25: 물벼룩급성독성 | J25: EC50 | K25: 21.8542 | L25: mg/L | M25: - | N25: - | O25: - | P25: 48 | Q25: h | R25: QSAR | S25: - | T25: In domain | U25: Daphnia magna 48h EC50 - Danish QSAR DB battery model (v1.0) | V25: QSAR Toolbox v.4.8 | W25: Daphnia magna | X25: 48 h | Y25: EC50
B26: B-9 | C26: =VLOOKUP(B26,[1]물질정보!B:C,2,0) -> 2499-95-8 | D26: =VLOOKUP(B26,[1]물질정보!B:D,3,0) -> hexyl acrylate | E26: =VLOOKUP(B26,[1]물질정보!B:E,4,0) -> C9H16O2 | F26: =VLOOKUP(B26,[1]물질정보!B:F,5,0) -> 156.22 g/mol | G26: =VLOOKUP(B26,[1]물질정보!B:G,6,0) -> CCCCCCOC(=O)C=C | H26: 환경 | I26: 물벼룩급성독성 | J26: EC50 | K26: 21.8542 | L26: mg/L | M26: - | N26: - | O26: - | P26: 48 | Q26: h | R26: QSAR | S26: - | T26: In domain | U26: Daphnia magna 48h EC50 - Danish QSAR DB battery model (v1.0) | V26: QSAR Toolbox v.4.8 | W26: Daphnia magna | X26: 48 h | Y26: EC50
B27: B-9 | C27: =VLOOKUP(B27,[1]물질정보!B:C,2,0) -> 2499-95-8 | D27: =VLOOKUP(B27,[1]물질정보!B:D,3,0) -> hexyl acrylate | E27: =VLOOKUP(B27,[1]물질정보!B:E,4,0) -> C9H16O2 | F27: =VLOOKUP(B27,[1]물질정보!B:F,5,0) -> 156.22 g/mol | G27: =VLOOKUP(B27,[1]물질정보!B:G,6,0) -> CCCCCCOC(=O)C=C | H27: 환경 | I27: 물벼룩급성독성 | J27: LC50 | K27: 1.554228 | L27: mg/L | M27: - | N27: - | O27: - | P27: 48 | Q27: h | R27: QSAR | S27: - | T27: In domain | U27: ECOSAR: DAPHNIA 48 h LC50 Mortality Acrylates (v1.11) | V27: QSAR Toolbox v.4.8 | W27: Daphnia magna | X27: 48 h | Y27: LC50
B28: B-9 | C28: =VLOOKUP(B28,[1]물질정보!B:C,2,0) -> 2499-95-8 | D28: =VLOOKUP(B28,[1]물질정보!B:D,3,0) -> hexyl acrylate | E28: =VLOOKUP(B28,[1]물질정보!B:E,4,0) -> C9H16O2 | F28: =VLOOKUP(B28,[1]물질정보!B:F,5,0) -> 156.22 g/mol | G28: =VLOOKUP(B28,[1]물질정보!B:G,6,0) -> CCCCCCOC(=O)C=C | H28: 환경 | I28: 물벼룩급성독성 | J28: LC50 | K28: 1.554228 | L28: mg/L | M28: - | N28: - | O28: - | P28: 48 | Q28: h | R28: QSAR | S28: - | T28: In domain | U28: ECOSAR: DAPHNIA 48 h LC50 Mortality Acrylates (v1.11) | V28: QSAR Toolbox v.4.8 | W28: Daphnia magna | X28: 48 h | Y28: LC50
... B50: B-8 | C50: =VLOOKUP(B50,[1]물질정보!B:C,2,0) -> 2478-10-6 | D50: =VLOOKUP(B50,[1]물질정보!B:D,3,0) -> 4-hydroxybutyl acrylate | E50: =VLOOKUP(B50,[1]물질정보!B:E,4,0) -> C7H12O3 | F50: =VLOOKUP(B50,[1]물질정보!B:F,5,0) -> 144.17 g/mol | G50: =VLOOKUP(B50,[1]물질정보!B:G,6,0) -> C=CC(=O)OCCCCO | H50: 환경 | I50: 담수조류생장저해 | J50: EC50 | K50: 1.1479439 | L50: mg/L | M50: - | N50: - | O50: - | P50: 96 | Q50: h | R50: QSAR | S50: - | T50: In domain | U50: ECOSAR: GREEN ALGAE 96 h EC50 Acrylates (v1.11) | V50: QSAR Toolbox v.4.8 | W50: Green Algae | X50: 96 h | Y50: EC50
B51: B-7 | C51: =VLOOKUP(B51,[1]물질정보!B:C,2,0) -> 141-32-2 | D51: =VLOOKUP(B51,[1]물질정보!B:D,3,0) -> butyl acrylate | E51: =VLOOKUP(B51,[1]물질정보!B:E,4,0) -> C7H12O2 | F51: =VLOOKUP(B51,[1]물질정보!B:F,5,0) -> 128.169 g/mol | G51: =VLOOKUP(B51,[1]물질정보!B:G,6,0) -> CCCCOC(=O)C=C | H51: 환경 | I51: 담수조류생장저해 | J51: EC50 | K51: - | L51: mg/L | M51: - | N51: - | O51: - | P51: 72 | Q51: h | R51: QSAR | S51: - | T51: Out of domain | U51: Pseudokirchneriella subcapitata 72h EC50 - Danish QSAR DB battery model (v1.0) | V51: QSAR Toolbox v.4.8 | W51: P. subcapitata | X51: 72 h | Y51: EC50
B52: B-7 | C52: =VLOOKUP(B52,[1]물질정보!B:C,2,0) -> 141-32-2 | D52: =VLOOKUP(B52,[1]물질정보!B:D,3,0) -> butyl acrylate | E52: =VLOOKUP(B52,[1]물질정보!B:E,4,0) -> C7H12O2 | F52: =VLOOKUP(B52,[1]물질정보!B:F,5,0) -> 128.169 g/mol | G52: =VLOOKUP(B52,[1]물질정보!B:G,6,0) -> CCCCOC(=O)C=C | H52: 환경 | I52: 담수조류생장저해 | J52: EC50 | K52: - | L52: mg/L | M52: - | N52: - | O52: - | P52: 72 | Q52: h | R52: QSAR | S52: - | T52: Out of domain | U52: Pseudokirchneriella subcapitata 72h EC50 - Danish QSAR DB battery model (v1.0) | V52: QSAR Toolbox v.4.8 | W52: P. subcapitata | X52: 72 h | Y52: EC50
B53: B-7 | C53: =VLOOKUP(B53,[1]물질정보!B:C,2,0) -> 141-32-2 | D53: =VLOOKUP(B53,[1]물질정보!B:D,3,0) -> butyl acrylate | E53: =VLOOKUP(B53,[1]물질정보!B:E,4,0) -> C7H12O2 | F53: =VLOOKUP(B53,[1]물질정보!B:F,5,0) -> 128.169 g/mol | G53: =VLOOKUP(B53,[1]물질정보!B:G,6,0) -> CCCCOC(=O)C=C | H53: 환경 | I53: 물벼룩급성독성 | J53: EC50 | K53: - | L53: mg/L | M53: - | N53: - | O53: - | P53: 48 | Q53: h | R53: QSAR | S53: - | T53: Out of domain | U53: Daphnia magna 48h EC50 - Danish QSAR DB battery model (v1.0) | V53: QSAR Toolbox v.4.8 | W53: Daphnia magna | X53: 48 h | Y53: EC50
B54: B-7 | C54: =VLOOKUP(B54,[1]물질정보!B:C,2,0) -> 141-32-2 | D54: =VLOOKUP(B54,[1]물질정보!B:D,3,0) -> butyl acrylate | E54: =VLOOKUP(B54,[1]물질정보!B:E,4,0) -> C7H12O2 | F54: =VLOOKUP(B54,[1]물질정보!B:F,5,0) -> 128.169 g/mol | G54: =VLOOKUP(B54,[1]물질정보!B:G,6,0) -> CCCCOC(=O)C=C | H54: 환경 | I54: 물벼룩급성독성 | J54: EC50 | K54: - | L54: mg/L | M54: - | N54: - | O54: - | P54: 48 | Q54: h | R54: QSAR | S54: - | T54: Out of domain | U54: Daphnia magna 48h EC50 - Danish QSAR DB battery model (v1.0) | V54: QSAR Toolbox v.4.8 | W54: Daphnia magna | X54: 48 h | Y54: EC50
B55: B-7 | C55: =VLOOKUP(B55,[1]물질정보!B:C,2,0) -> 141-32-2 | D55: =VLOOKUP(B55,[1]물질정보!B:D,3,0) -> butyl acrylate | E55: =VLOOKUP(B55,[1]물질정보!B:E,4,0) -> C7H12O2 | F55: =VLOOKUP(B55,[1]물질정보!B:F,5,0) -> 128.169 g/mol | G55: =VLOOKUP(B55,[1]물질정보!B:G,6,0) -> CCCCOC(=O)C=C | H55: 환경 | I55: 물벼룩급성독성 | J55: LC50 | K55: 3.0776684 | L55: mg/L | M55: - | N55: - | O55: - | P55: 48 | Q55: h | R55: QSAR | S55: - | T55: In domain | U55: ECOSAR: DAPHNIA 48 h LC50 Mortality Acrylates (v1.11) | V55: QSAR Toolbox v.4.8 | W55: Daphnia magna | X55: 48 h | Y55: LC50
B56: B-7 | C56: =VLOOKUP(B56,[1]물질정보!B:C,2,0) -> 141-32-2 | D56: =VLOOKUP(B56,[1]물질정보!B:D,3,0) -> butyl acrylate | E56: =VLOOKUP(B56,[1]물질정보!B:E,4,0) -> C7H12O2 | F56: =VLOOKUP(B56,[1]물질정보!B:F,5,0) -> 128.169 g/mol | G56: =VLOOKUP(B56,[1]물질정보!B:G,6,0) -> CCCCOC(=O)C=C | H56: 환경 | I56: 물벼룩급성독성 | J56: LC50 | K56: 3.0776684 | L56: mg/L | M56: - | N56: - | O56: - | P56: 48 | Q56: h | R56: QSAR | S56: - | T56: In domain | U56: ECOSAR: DAPHNIA 48 h LC50 Mortality Acrylates (v1.11) | V56: QSAR Toolbox v.4.8 | W56: Daphnia magna | X56: 48 h | Y56: LC50
B57: B-7 | C57: =VLOOKUP(B57,[1]물질정보!B:C,2,0) -> 141-32-2 | D57: =VLOOKUP(B57,[1]물질정보!B:D,3,0) -> butyl acrylate | E57: =VLOOKUP(B57,[1]물질정보!B:E,4,0) -> C7H12O2 | F57: =VLOOKUP(B57,[1]물질정보!B:F,5,0) -> 128.169 g/mol | G57: =VLOOKUP(B57,[1]물질정보!B:G,6,0) -> CCCCOC(=O)C=C | H57: 환경 | I57: 어류급성독성 | J57: LC50 | K57: - | L57: mg/L | M57: - | N57: - | O57: - | P57: 96 | Q57: h | R57: QSAR | S57: - | T57: Out of domain | U57: Fathead minnow 96h LC50 - Danish QSAR DB battery model (v1.0) | V57: QSAR Toolbox v.4.8 | W57: Fathead minnow | X57: 96 h | Y57: LC50
B58: B-7 | C58: =VLOOKUP(B58,[1]물질정보!B:C,2,0) -> 141-32-2 | D58: =VLOOKUP(B58,[1]물질정보!B:D,3,0) -> butyl acrylate | E58: =VLOOKUP(B58,[1]물질정보!B:E,4,0) -> C7H12O2 | F58: =VLOOKUP(B58,[1]물질정보!B:F,5,0) -> 128.169 g/mol | G58: =VLOOKUP(B58,[1]물질정보!B:G,6,0) -> CCCCOC(=O)C=C | H58: 환경 | I58: 어류급성독성 | J58: LC50 | K58: - | L58: mg/L | M58: - | N58: - | O58: - | P58: 96 | Q58: h | R58: QSAR | S58: - | T58: Out of domain | U58: Fathead minnow 96h LC50 - Danish QSAR DB battery model (v1.0) | V58: QSAR Toolbox v.4.8 | W58: Fathead minnow | X58: 96 h | Y58: LC50
B59: B-7 | C59: =VLOOKUP(B59,[1]물질정보!B:C,2,0) -> 141-32-2 | D59: =VLOOKUP(B59,[1]물질정보!B:D,3,0) -> butyl acrylate | E59: =VLOOKUP(B59,[1]물질정보!B:E,4,0) -> C7H12O2 | F59: =VLOOKUP(B59,[1]물질정보!B:F,5,0) -> 128.169 g/mol | G59: =VLOOKUP(B59,[1]물질정보!B:G,6,0) -> CCCCOC(=O)C=C | H59: 환경 | I59: 어류급성독성 | J59: LC50 | K59: 0.88529967 | L59: mg/L | M59: - | N59: - | O59: - | P59: 96 | Q59: h | R59: QSAR | S59: - | T59: In domain | U59: ECOSAR: FISH (SW) 96 h LC50 Mortality Acrylates (v1.11) | V59: QSAR Toolbox v.4.8 | W59: Fish (Saltwater) | X59: 96 h | Y59: LC50
B60: B-7 | C60: =VLOOKUP(B60,[1]물질정보!B:C,2,0) -> 141-32-2 | D60: =VLOOKUP(B60,[1]물질정보!B:D,3,0) -> butyl acrylate | E60: =VLOOKUP(B60,[1]물질정보!B:E,4,0) -> C7H12O2 | F60: =VLOOKUP(B60,[1]물질정보!B:F,5,0) -> 128.169 g/mol | G60: =VLOOKUP(B60,[1]물질정보!B:G,6,0) -> CCCCOC(=O)C=C | H60: 환경 | I60: 어류급성독성 | J60: LC50 | K60: 1.5951973 | L60: mg/L | M60: - | N60: - | O60: - | P60: 96 | Q60: h | R60: QSAR | S60: - | T60: In domain | U60: ECOSAR: FISH 96 h LC50 Mortality Acrylates (v1.11) | V60: QSAR Toolbox v.4.8 | W60: Fish (Freshwater) | X60: 96 h | Y60: LC50
B61: B-7 | C61: =VLOOKUP(B61,[1]물질정보!B:C,2,0) -> 141-32-2 | D61: =VLOOKUP(B61,[1]물질정보!B:D,3,0) -> butyl acrylate | E61: =VLOOKUP(B61,[1]물질정보!B:E,4,0) -> C7H12O2 | F61: =VLOOKUP(B61,[1]물질정보!B:F,5,0) -> 128.169 g/mol | G61: =VLOOKUP(B61,[1]물질정보!B:G,6,0) -> CCCCOC(=O)C=C | H61: 환경 | I61: 어류급성독성 | J61: LC50 | K61: 0.88529967 | L61: mg/L | M61: - | N61: - | O61: - | P61: 96 | Q61: h | R61: QSAR | S61: - | T61: In domain | U61: ECOSAR: FISH (SW) 96 h LC50 Mortality Acrylates (v1.11) | V61: QSAR Toolbox v.4.8 | W61: Fish (Saltwater) | X61: 96 h | Y61: LC50
B62: B-7 | C62: =VLOOKUP(B62,[1]물질정보!B:C,2,0) -> 141-32-2 | D62: =VLOOKUP(B62,[1]물질정보!B:D,3,0) -> butyl acrylate | E62: =VLOOKUP(B62,[1]물질정보!B:E,4,0) -> C7H12O2 | F62: =VLOOKUP(B62,[1]물질정보!B:F,5,0) -> 128.169 g/mol | G62: =VLOOKUP(B62,[1]물질정보!B:G,6,0) -> CCCCOC(=O)C=C | H62: 환경 | I62: 어류급성독성 | J62: LC50 | K62: 1.5951973 | L62: mg/L | M62: - | N62: - | O62: - | P62: 96 | Q62: h | R62: QSAR | S62: - | T62: In domain | U62: ECOSAR: FISH 96 h LC50 Mortality Acrylates (v1.11) | V62: QSAR Toolbox v.4.8 | W62: Fish (Freshwater) | X62: 96 h | Y62: LC50
B63: B-7 | C63: =VLOOKUP(B63,[1]물질정보!B:C,2,0) -> 141-32-2 | D63: =VLOOKUP(B63,[1]물질정보!B:D,3,0) -> butyl acrylate | E63: =VLOOKUP(B63,[1]물질정보!B:E,4,0) -> C7H12O2 | F63: =VLOOKUP(B63,[1]물질정보!B:F,5,0) -> 128.169 g/mol | G63: =VLOOKUP(B63,[1]물질정보!B:G,6,0) -> CCCCOC(=O)C=C | H63: 환경 | I63: 담수조류생장저해 | J63: EC50 | K63: 0.38974132 | L63: mg/L | M63: - | N63: - | O63: - | P63: 96 | Q63: h | R63: QSAR | S63: - | T63: In domain | U63: ECOSAR: GREEN ALGAE 96 h EC50 Acrylates (v1.11) | V63: QSAR Toolbox v.4.8 | W63: Green Algae | X63: 96 h | Y63: EC50
B64: B-7 | C64: =VLOOKUP(B64,[1]물질정보!B:C,2,0) -> 141-32-2 | D64: =VLOOKUP(B64,[1]물질정보!B:D,3,0) -> butyl acrylate | E64: =VLOOKUP(B64,[1]물질정보!B:E,4,0) -> C7H12O2 | F64: =VLOOKUP(B64,[1]물질정보!B:F,5,0) -> 128.169 g/mol | G64: =VLOOKUP(B64,[1]물질정보!B:G,6,0) -> CCCCOC(=O)C=C | H64: 환경 | I64: 담수조류생장저해 | J64: EC50 | K64: 0.38974132 | L64: mg/L | M64: - | N64: - | O64: - | P64: 96 | Q64: h | R64: QSAR | S64: - | T64: In domain | U64: ECOSAR: GREEN ALGAE 96 h EC50 Acrylates (v1.11) | V64: QSAR Toolbox v.4.8 | W64: Green Algae | X64: 96 h | Y64: EC50
B65: B-6 | C65: =VLOOKUP(B65,[1]물질정보!B:C,2,0) -> 818-61-1 | D65: =VLOOKUP(B65,[1]물질정보!B:D,3,0) -> 2-hydroxyethyl acrylate | E65: =VLOOKUP(B65,[1]물질정보!B:E,4,0) -> C5H8O3 | F65: =VLOOKUP(B65,[1]물질정보!B:F,5,0) -> 116.11 g/mol | G65: =VLOOKUP(B65,[1]물질정보!B:G,6,0) -> C=CC(=O)OCCO | H65: 환경 | I65: 담수조류생장저해 | J65: EC50 | K65: 33.6118 | L65: mg/L | M65: - | N65: - | O65: - | P65: 72 | Q65: h | R65: QSAR | S65: - | T65: In domain | U65: Pseudokirchneriella subcapitata 72h EC50 - Danish QSAR DB battery model (v1.0) | V65: QSAR Toolbox v.4.8 | W65: P. subcapitata | X65: 72 h | Y65: EC50
B66: B-6 | C66: =VLOOKUP(B66,[1]물질정보!B:C,2,0) -> 818-61-1 | D66: =VLOOKUP(B66,[1]물질정보!B:D,3,0) -> 2-hydroxyethyl acrylate | E66: =VLOOKUP(B66,[1]물질정보!B:E,4,0) -> C5H8O3 | F66: =VLOOKUP(B66,[1]물질정보!B:F,5,0) -> 116.11 g/mol | G66: =VLOOKUP(B66,[1]물질정보!B:G,6,0) -> C=CC(=O)OCCO | H66: 환경 | I66: 담수조류생장저해 | J66: EC50 | K66: 33.6118 | L66: mg/L | M66: - | N66: - | O66: - | P66: 72 | Q66: h | R66: QSAR | S66: - | T66: In domain | U66: Pseudokirchneriella subcapitata 72h EC50 - Danish QSAR DB battery model (v1.0) | V66: QSAR Toolbox v.4.8 | W66: P. subcapitata | X66: 72 h | Y66: EC50
B67: B-6 | C67: =VLOOKUP(B67,[1]물질정보!B:C,2,0) -> 818-61-1 | D67: =VLOOKUP(B67,[1]물질정보!B:D,3,0) -> 2-hydroxyethyl acrylate | E67: =VLOOKUP(B67,[1]물질정보!B:E,4,0) -> C5H8O3 | F67: =VLOOKUP(B67,[1]물질정보!B:F,5,0) -> 116.11 g/mol | G67: =VLOOKUP(B67,[1]물질정보!B:G,6,0) -> C=CC(=O)OCCO | H67: 환경 | I67: 물벼룩급성독성 | J67: EC50 | K67: 11.94844 | L67: mg/L | M67: - | N67: - | O67: - | P67: 48 | Q67: h | R67: QSAR | S67: - | T67: In domain | U67: Daphnia magna 48h EC50 - Danish QSAR DB battery model (v1.0) | V67: QSAR Toolbox v.4.8 | W67: Daphnia magna | X67: 48 h | Y67: EC50
B68: B-6 | C68: =VLOOKUP(B68,[1]물질정보!B:C,2,0) -> 818-61-1 | D68: =VLOOKUP(B68,[1]물질정보!B:D,3,0) -> 2-hydroxyethyl acrylate | E68: =VLOOKUP(B68,[1]물질정보!B:E,4,0) -> C5H8O3 | F68: =VLOOKUP(B68,[1]물질정보!B:F,5,0) -> 116.11 g/mol | G68: =VLOOKUP(B68,[1]물질정보!B:G,6,0) -> C=CC(=O)OCCO | H68: 환경 | I68: 물벼룩급성독성 | J68: EC50 | K68: 11.94844 | L68: mg/L | M68: - | N68: - | O68: - | P68: 48 | Q68: h | R68: QSAR | S68: - | T68: In domain | U68: Daphnia magna 48h EC50 - Danish QSAR DB battery model (v1.0) | V68: QSAR Toolbox v.4.8 | W68: Daphnia magna | X68: 48 h | Y68: EC50
B69: B-6 | C69: =VLOOKUP(B69,[1]물질정보!B:C,2,0) -> 818-61-1 | D69: =VLOOKUP(B69,[1]물질정보!B:D,3,0) -> 2-hydroxyethyl acrylate | E69: =VLOOKUP(B69,[1]물질정보!B:E,4,0) -> C5H8O3 | F69: =VLOOKUP(B69,[1]물질정보!B:F,5,0) -> 116.11 g/mol | G69: =VLOOKUP(B69,[1]물질정보!B:G,6,0) -> C=CC(=O)OCCO | H69: 환경 | I69: 물벼룩급성독성 | J69: LC50 | K69: 25.042947 | L69: mg/L | M69: - | N69: - | O69: - | P69: 48 | Q69: h | R69: QSAR | S69: - | T69: In domain | U69: ECOSAR: DAPHNIA 48 h LC50 Mortality Acrylates (v1.11) | V69: QSAR Toolbox v.4.8 | W69: Daphnia magna | X69: 48 h | Y69: LC50
B70: B-6 | C70: =VLOOKUP(B70,[1]물질정보!B:C,2,0) -> 818-61-1 | D70: =VLOOKUP(B70,[1]물질정보!B:D,3,0) -> 2-hydroxyethyl acrylate | E70: =VLOOKUP(B70,[1]물질정보!B:E,4,0) -> C5H8O3 | F70: =VLOOKUP(B70,[1]물질정보!B:F,5,0) -> 116.11 g/mol | G70: =VLOOKUP(B70,[1]물질정보!B:G,6,0) -> C=CC(=O)OCCO | H70: 환경 | I70: 물벼룩급성독성 | J70: LC50 | K70: 25.042947 | L70: mg/L | M70: - | N70: - | O70: - | P70: 48 | Q70: h | R70: QSAR | S70: - | T70: In domain | U70: ECOSAR: DAPHNIA 48 h LC50 Mortality Acrylates (v1.11) | V70: QSAR Toolbox v.4.8 | W70: Daphnia magna | X70: 48 h | Y70: LC50
... B118: B-1 | C118: =VLOOKUP(B118,[1]물질정보!B:C,2,0) -> 97-63-2 | D118: =VLOOKUP(B118,[1]물질정보!B:D,3,0) -> ethyl methacrylate | E118: =VLOOKUP(B118,[1]물질정보!B:E,4,0) -> C6H10O2 | F118: =VLOOKUP(B118,[1]물질정보!B:F,5,0) -> 114.14 g/mol | G118: =VLOOKUP(B118,[1]물질정보!B:G,6,0) -> CCOC(=O)C(=C)C | H118: 환경 | I118: 담수조류생장저해 | J118: EC50 | K118: 40.31148 | L118: mg/L | M118: - | N118: - | O118: - | P118: 72 | Q118: h | R118: QSAR | S118: - | T118: In domain | U118: Pseudokirchneriella subcapitata 72h EC50 - Danish QSAR DB battery model (v1.0) | V118: QSAR Toolbox v.4.8 | W118: P. subcapitata | X118: 72 h | Y118: EC50
B119: B-1 | C119: =VLOOKUP(B119,[1]물질정보!B:C,2,0) -> 97-63-2 | D119: =VLOOKUP(B119,[1]물질정보!B:D,3,0) -> ethyl methacrylate | E119: =VLOOKUP(B119,[1]물질정보!B:E,4,0) -> C6H10O2 | F119: =VLOOKUP(B119,[1]물질정보!B:F,5,0) -> 114.14 g/mol | G119: =VLOOKUP(B119,[1]물질정보!B:G,6,0) -> CCOC(=O)C(=C)C | H119: 환경 | I119: 물벼룩급성독성 | J119: EC50 | K119: - | L119: mg/L | M119: - | N119: - | O119: - | P119: 48 | Q119: h | R119: QSAR | S119: - | T119: Out of domain | U119: Daphnia magna 48h EC50 - Danish QSAR DB battery model (v1.0) | V119: QSAR Toolbox v.4.8 | W119: Daphnia magna | X119: 48 h | Y119: EC50
B120: B-1 | C120: =VLOOKUP(B120,[1]물질정보!B:C,2,0) -> 97-63-2 | D120: =VLOOKUP(B120,[1]물질정보!B:D,3,0) -> ethyl methacrylate | E120: =VLOOKUP(B120,[1]물질정보!B:E,4,0) -> C6H10O2 | F120: =VLOOKUP(B120,[1]물질정보!B:F,5,0) -> 114.14 g/mol | G120: =VLOOKUP(B120,[1]물질정보!B:G,6,0) -> CCOC(=O)C(=C)C | H120: 환경 | I120: 물벼룩급성독성 | J120: EC50 | K120: - | L120: mg/L | M120: - | N120: - | O120: - | P120: 48 | Q120: h | R120: QSAR | S120: - | T120: Out of domain | U120: Daphnia magna 48h EC50 - Danish QSAR DB battery model (v1.0) | V120: QSAR Toolbox v.4.8 | W120: Daphnia magna | X120: 48 h | Y120: EC50
B121: B-1 | C121: =VLOOKUP(B121,[1]물질정보!B:C,2,0) -> 97-63-2 | D121: =VLOOKUP(B121,[1]물질정보!B:D,3,0) -> ethyl methacrylate | E121: =VLOOKUP(B121,[1]물질정보!B:E,4,0) -> C6H10O2 | F121: =VLOOKUP(B121,[1]물질정보!B:F,5,0) -> 114.14 g/mol | G121: =VLOOKUP(B121,[1]물질정보!B:G,6,0) -> CCOC(=O)C(=C)C | H121: 환경 | I121: 물벼룩급성독성 | J121: LC50 | K121: 23.572919 | L121: mg/L | M121: - | N121: - | O121: - | P121: 48 | Q121: h | R121: QSAR | S121: - | T121: In domain | U121: ECOSAR: DAPHNIA 48 h LC50 Mortality Methacrylates (v1.11) | V121: QSAR Toolbox v.4.8 | W121: Daphnia magna | X121: 48 h | Y121: LC50
B122: B-1 | C122: =VLOOKUP(B122,[1]물질정보!B:C,2,0) -> 97-63-2 | D122: =VLOOKUP(B122,[1]물질정보!B:D,3,0) -> ethyl methacrylate | E122: =VLOOKUP(B122,[1]물질정보!B:E,4,0) -> C6H10O2 | F122: =VLOOKUP(B122,[1]물질정보!B:F,5,0) -> 114.14 g/mol | G122: =VLOOKUP(B122,[1]물질정보!B:G,6,0) -> CCOC(=O)C(=C)C | H122: 환경 | I122: 물벼룩급성독성 | J122: LC50 | K122: 23.572919 | L122: mg/L | M122: - | N122: - | O122: - | P122: 48 | Q122: h | R122: QSAR | S122: - | T122: In domain | U122: ECOSAR: DAPHNIA 48 h LC50 Mortality Methacrylates (v1.11) | V122: QSAR Toolbox v.4.8 | W122: Daphnia magna | X122: 48 h | Y122: LC50
B123: B-1 | C123: =VLOOKUP(B123,[1]물질정보!B:C,2,0) -> 97-63-2 | D123: =VLOOKUP(B123,[1]물질정보!B:D,3,0) -> ethyl methacrylate | E123: =VLOOKUP(B123,[1]물질정보!B:E,4,0) -> C6H10O2 | F123: =VLOOKUP(B123,[1]물질정보!B:F,5,0) -> 114.14 g/mol | G123: =VLOOKUP(B123,[1]물질정보!B:G,6,0) -> CCOC(=O)C(=C)C | H123: 환경 | I123: 어류급성독성 | J123: LC50 | K123: 32.72685 | L123: mg/L | M123: - | N123: - | O123: - | P123: 96 | Q123: h | R123: QSAR | S123: - | T123: In domain | U123: Fathead minnow 96h LC50 - Danish QSAR DB battery model (v1.0) | V123: QSAR Toolbox v.4.8 | W123: Fathead minnow | X123: 96 h | Y123: LC50
B124: B-1 | C124: =VLOOKUP(B124,[1]물질정보!B:C,2,0) -> 97-63-2 | D124: =VLOOKUP(B124,[1]물질정보!B:D,3,0) -> ethyl methacrylate | E124: =VLOOKUP(B124,[1]물질정보!B:E,4,0) -> C6H10O2 | F124: =VLOOKUP(B124,[1]물질정보!B:F,5,0) -> 114.14 g/mol | G124: =VLOOKUP(B124,[1]물질정보!B:G,6,0) -> CCOC(=O)C(=C)C | H124: 환경 | I124: 어류급성독성 | J124: LC50 | K124: 32.72685 | L124: mg/L | M124: - | N124: - | O124: - | P124: 96 | Q124: h | R124: QSAR | S124: - | T124: In domain | U124: Fathead minnow 96h LC50 - Danish QSAR DB battery model (v1.0) | V124: QSAR Toolbox v.4.8 | W124: Fathead minnow | X124: 96 h | Y124: LC50
B125: B-1 | C125: =VLOOKUP(B125,[1]물질정보!B:C,2,0) -> 97-63-2 | D125: =VLOOKUP(B125,[1]물질정보!B:D,3,0) -> ethyl methacrylate | E125: =VLOOKUP(B125,[1]물질정보!B:E,4,0) -> C6H10O2 | F125: =VLOOKUP(B125,[1]물질정보!B:F,5,0) -> 114.14 g/mol | G125: =VLOOKUP(B125,[1]물질정보!B:G,6,0) -> CCOC(=O)C(=C)C | H125: 환경 | I125: 어류급성독성 | J125: LC50 | K125: 30.244961 | L125: mg/L | M125: - | N125: - | O125: - | P125: 96 | Q125: h | R125: QSAR | S125: - | T125: In domain | U125: ECOSAR: FISH 96 h LC50 Mortality Methacrylates (v1.11) | V125: QSAR Toolbox v.4.8 | W125: Fish (Freshwater) | X125: 96 h | Y125: LC50
B126: B-1 | C126: =VLOOKUP(B126,[1]물질정보!B:C,2,0) -> 97-63-2 | D126: =VLOOKUP(B126,[1]물질정보!B:D,3,0) -> ethyl methacrylate | E126: =VLOOKUP(B126,[1]물질정보!B:E,4,0) -> C6H10O2 | F126: =VLOOKUP(B126,[1]물질정보!B:F,5,0) -> 114.14 g/mol | G126: =VLOOKUP(B126,[1]물질정보!B:G,6,0) -> CCOC(=O)C(=C)C | H126: 환경 | I126: 어류급성독성 | J126: LC50 | K126: 30.244961 | L126: mg/L | M126: - | N126: - | O126: - | P126: 96 | Q126: h | R126: QSAR | S126: - | T126: In domain | U126: ECOSAR: FISH 96 h LC50 Mortality Methacrylates (v1.11) | V126: QSAR Toolbox v.4.8 | W126: Fish (Freshwater) | X126: 96 h | Y126: LC50
B127: B-1 | C127: =VLOOKUP(B127,[1]물질정보!B:C,2,0) -> 97-63-2 | D127: =VLOOKUP(B127,[1]물질정보!B:D,3,0) -> ethyl methacrylate | E127: =VLOOKUP(B127,[1]물질정보!B:E,4,0) -> C6H10O2 | F127: =VLOOKUP(B127,[1]물질정보!B:F,5,0) -> 114.14 g/mol | G127: =VLOOKUP(B127,[1]물질정보!B:G,6,0) -> CCOC(=O)C(=C)C | H127: 환경 | I127: 담수조류생장저해 | J127: EC50 | K127: 0.21762803 | L127: mg/L | M127: - | N127: - | O127: - | P127: 96 | Q127: h | R127: QSAR | S127: - | T127: In domain | U127: ECOSAR: GREEN ALGAE 96 h EC50 Methacrylates (v1.11) | V127: QSAR Toolbox v.4.8 | W127: Green Algae | X127: 96 h | Y127: EC50
B128: B-1 | C128: =VLOOKUP(B128,[1]물질정보!B:C,2,0) -> 97-63-2 | D128: =VLOOKUP(B128,[1]물질정보!B:D,3,0) -> ethyl methacrylate | E128: =VLOOKUP(B128,[1]물질정보!B:E,4,0) -> C6H10O2 | F128: =VLOOKUP(B128,[1]물질정보!B:F,5,0) -> 114.14 g/mol | G128: =VLOOKUP(B128,[1]물질정보!B:G,6,0) -> CCOC(=O)C(=C)C | H128: 환경 | I128: 담수조류생장저해 | J128: EC50 | K128: 0.21762803 | L128: mg/L | M128: - | N128: - | O128: - | P128: 96 | Q128: h | R128: QSAR | S128: - | T128: In domain | U128: ECOSAR: GREEN ALGAE 96 h EC50 Methacrylates (v1.11) | V128: QSAR Toolbox v.4.8 | W128: Green Algae | X128: 96 h | Y128: EC50
B129: A-2 | C129: =VLOOKUP(B129,[1]물질정보!B:C,2,0) -> 205-25-4 | D129: =VLOOKUP(B129,[1]물질정보!B:D,3,0) -> 7H-Benzo[c]carbazole | E129: =VLOOKUP(B129,[1]물질정보!B:E,4,0) -> C16H11N | F129: =VLOOKUP(B129,[1]물질정보!B:F,5,0) -> 217.26 g/mol | G129: =VLOOKUP(B129,[1]물질정보!B:G,6,0) -> C1=CC=C2C(=C1)C=CC3=C2C4=CC=CC=C4N3 | H129: 환경 | I129: 담수조류생장저해 | J129: EC50 | K129: - | L129: mg/L | M129: - | N129: - | O129: - | P129: 72 | Q129: h | R129: QSAR | S129: - | T129: Out of domain | U129: Pseudokirchneriella subcapitata 72h EC50 - Danish QSAR DB battery model (v1.0) | V129: QSAR Toolbox v.4.8 | W129: P. subcapitata | X129: 72 h | Y129: EC50
B130: A-2 | C130: =VLOOKUP(B130,[1]물질정보!B:C,2,0) -> 205-25-4 | D130: =VLOOKUP(B130,[1]물질정보!B:D,3,0) -> 7H-Benzo[c]carbazole | E130: =VLOOKUP(B130,[1]물질정보!B:E,4,0) -> C16H11N | F130: =VLOOKUP(B130,[1]물질정보!B:F,5,0) -> 217.26 g/mol | G130: =VLOOKUP(B130,[1]물질정보!B:G,6,0) -> C1=CC=C2C(=C1)C=CC3=C2C4=CC=CC=C4N3 | H130: 환경 | I130: 담수조류생장저해 | J130: EC50 | K130: - | L130: mg/L | M130: - | N130: - | O130: - | P130: 72 | Q130: h | R130: QSAR | S130: - | T130: Out of domain | U130: Pseudokirchneriella subcapitata 72h EC50 - Danish QSAR DB battery model (v1.0) | V130: QSAR Toolbox v.4.8 | W130: P. subcapitata | X130: 72 h | Y130: EC50
B131: A-2 | C131: =VLOOKUP(B131,[1]물질정보!B:C,2,0) -> 205-25-4 | D131: =VLOOKUP(B131,[1]물질정보!B:D,3,0) -> 7H-Benzo[c]carbazole | E131: =VLOOKUP(B131,[1]물질정보!B:E,4,0) -> C16H11N | F131: =VLOOKUP(B131,[1]물질정보!B:F,5,0) -> 217.26 g/mol | G131: =VLOOKUP(B131,[1]물질정보!B:G,6,0) -> C1=CC=C2C(=C1)C=CC3=C2C4=CC=CC=C4N3 | H131: 환경 | I131: 물벼룩급성독성 | J131: EC50 | K131: - | L131: mg/L | M131: - | N131: - | O131: - | P131: 48 | Q131: h | R131: QSAR | S131: - | T131: Out of domain | U131: Daphnia magna 48h EC50 - Danish QSAR DB battery model (v1.0) | V131: QSAR Toolbox v.4.8 | W131: Daphnia magna | X131: 48 h | Y131: EC50
B132: A-2 | C132: =VLOOKUP(B132,[1]물질정보!B:C,2,0) -> 205-25-4 | D132: =VLOOKUP(B132,[1]물질정보!B:D,3,0) -> 7H-Benzo[c]carbazole | E132: =VLOOKUP(B132,[1]물질정보!B:E,4,0) -> C16H11N | F132: =VLOOKUP(B132,[1]물질정보!B:F,5,0) -> 217.26 g/mol | G132: =VLOOKUP(B132,[1]물질정보!B:G,6,0) -> C1=CC=C2C(=C1)C=CC3=C2C4=CC=CC=C4N3 | H132: 환경 | I132: 물벼룩급성독성 | J132: EC50 | K132: - | L132: mg/L | M132: - | N132: - | O132: - | P132: 48 | Q132: h | R132: QSAR | S132: - | T132: Out of domain | U132: Daphnia magna 48h EC50 - Danish QSAR DB battery model (v1.0) | V132: QSAR Toolbox v.4.8 | W132: Daphnia magna | X132: 48 h | Y132: EC50
B133: A-2 | C133: =VLOOKUP(B133,[1]물질정보!B:C,2,0) -> 205-25-4 | D133: =VLOOKUP(B133,[1]물질정보!B:D,3,0) -> 7H-Benzo[c]carbazole | E133: =VLOOKUP(B133,[1]물질정보!B:E,4,0) -> C16H11N | F133: =VLOOKUP(B133,[1]물질정보!B:F,5,0) -> 217.26 g/mol | G133: =VLOOKUP(B133,[1]물질정보!B:G,6,0) -> C1=CC=C2C(=C1)C=CC3=C2C4=CC=CC=C4N3 | H133: 환경 | I133: 물벼룩급성독성 | J133: LC50 | K133: 0.87244902 | L133: mg/L | M133: - | N133: - | O133: - | P133: 48 | Q133: h | R133: QSAR | S133: - | T133: In domain | U133: ECOSAR: DAPHNIA 48 h LC50 Mortality NEUTRAL ORGANICS (v1.11) | V133: QSAR Toolbox v.4.8 | W133: Daphnia magna | X133: 48 h | Y133: LC50
B134: A-2 | C134: =VLOOKUP(B134,[1]물질정보!B:C,2,0) -> 205-25-4 | D134: =VLOOKUP(B134,[1]물질정보!B:D,3,0) -> 7H-Benzo[c]carbazole | E134: =VLOOKUP(B134,[1]물질정보!B:E,4,0) -> C16H11N | F134: =VLOOKUP(B134,[1]물질정보!B:F,5,0) -> 217.26 g/mol | G134: =VLOOKUP(B134,[1]물질정보!B:G,6,0) -> C1=CC=C2C(=C1)C=CC3=C2C4=CC=CC=C4N3 | H134: 환경 | I134: 물벼룩급성독성 | J134: LC50 | K134: 0.87244902 | L134: mg/L | M134: - | N134: - | O134: - | P134: 48 | Q134: h | R134: QSAR | S134: - | T134: In domain | U134: ECOSAR: DAPHNIA 48 h LC50 Mortality NEUTRAL ORGANICS (v1.11) | V134: QSAR Toolbox v.4.8 | W134: Daphnia magna | X134: 48 h | Y134: LC50
B135: A-2 | C135: =VLOOKUP(B135,[1]물질정보!B:C,2,0) -> 205-25-4 | D135: =VLOOKUP(B135,[1]물질정보!B:D,3,0) -> 7H-Benzo[c]carbazole | E135: =VLOOKUP(B135,[1]물질정보!B:E,4,0) -> C16H11N | F135: =VLOOKUP(B135,[1]물질정보!B:F,5,0) -> 217.26 g/mol | G135: =VLOOKUP(B135,[1]물질정보!B:G,6,0) -> C1=CC=C2C(=C1)C=CC3=C2C4=CC=CC=C4N3 | H135: 환경 | I135: 어류급성독성 | J135: LC50 | K135: 1.041949 | L135: mg/L | M135: - | N135: - | O135: - | P135: 96 | Q135: h | R135: QSAR | S135: - | T135: In domain | U135: Fathead minnow 96h LC50 - Danish QSAR DB battery model (v1.0) | V135: QSAR Toolbox v.4.8 | W135: Fathead minnow | X135: 96 h | Y135: LC50
B136: A-2 | C136: =VLOOKUP(B136,[1]물질정보!B:C,2,0) -> 205-25-4 | D136: =VLOOKUP(B136,[1]물질정보!B:D,3,0) -> 7H-Benzo[c]carbazole | E136: =VLOOKUP(B136,[1]물질정보!B:E,4,0) -> C16H11N | F136: =VLOOKUP(B136,[1]물질정보!B:F,5,0) -> 217.26 g/mol | G136: =VLOOKUP(B136,[1]물질정보!B:G,6,0) -> C1=CC=C2C(=C1)C=CC3=C2C4=CC=CC=C4N3 | H136: 환경 | I136: 어류급성독성 | J136: LC50 | K136: 1.041949 | L136: mg/L | M136: - | N136: - | O136: - | P136: 96 | Q136: h | R136: QSAR | S136: - | T136: In domain | U136: Fathead minnow 96h LC50 - Danish QSAR DB battery model (v1.0) | V136: QSAR Toolbox v.4.8 | W136: Fathead minnow | X136: 96 h | Y136: LC50
B137: A-2 | C137: =VLOOKUP(B137,[1]물질정보!B:C,2,0) -> 205-25-4 | D137: =VLOOKUP(B137,[1]물질정보!B:D,3,0) -> 7H-Benzo[c]carbazole | E137: =VLOOKUP(B137,[1]물질정보!B:E,4,0) -> C16H11N | F137: =VLOOKUP(B137,[1]물질정보!B:F,5,0) -> 217.26 g/mol | G137: =VLOOKUP(B137,[1]물질정보!B:G,6,0) -> C1=CC=C2C(=C1)C=CC3=C2C4=CC=CC=C4N3 | H137: 환경 | I137: 어류급성독성 | J137: LC50 | K137: 1.5713939 | L137: mg/L | M137: - | N137: - | O137: - | P137: 96 | Q137: h | R137: QSAR | S137: - | T137: In domain | U137: ECOSAR: FISH (SW) 96 h LC50 Mortality NEUTRAL ORGANICS (v1.11) | V137: QSAR Toolbox v.4.8 | W137: Fish (Saltwater) | X137: 96 h | Y137: LC50
B138: A-2 | C138: =VLOOKUP(B138,[1]물질정보!B:C,2,0) -> 205-25-4 | D138: =VLOOKUP(B138,[1]물질정보!B:D,3,0) -> 7H-Benzo[c]carbazole | E138: =VLOOKUP(B138,[1]물질정보!B:E,4,0) -> C16H11N | F138: =VLOOKUP(B138,[1]물질정보!B:F,5,0) -> 217.26 g/mol | G138: =VLOOKUP(B138,[1]물질정보!B:G,6,0) -> C1=CC=C2C(=C1)C=CC3=C2C4=CC=CC=C4N3 | H138: 환경 | I138: 어류급성독성 | J138: LC50 | K138: 1.2303463 | L138: mg/L | M138: - | N138: - | O138: - | P138: 96 | Q138: h | R138: QSAR | S138: - | T138: In domain | U138: ECOSAR: FISH 96 h LC50 Mortality Neutral Organics (v1.11) | V138: QSAR Toolbox v.4.8 | W138: Fish (Freshwater) | X138: 96 h | Y138: LC50
B139: A-2 | C139: =VLOOKUP(B139,[1]물질정보!B:C,2,0) -> 205-25-4 | D139: =VLOOKUP(B139,[1]물질정보!B:D,3,0) -> 7H-Benzo[c]carbazole | E139: =VLOOKUP(B139,[1]물질정보!B:E,4,0) -> C16H11N | F139: =VLOOKUP(B139,[1]물질정보!B:F,5,0) -> 217.26 g/mol | G139: =VLOOKUP(B139,[1]물질정보!B:G,6,0) -> C1=CC=C2C(=C1)C=CC3=C2C4=CC=CC=C4N3 | H139: 환경 | I139: 어류급성독성 | J139: LC50 | K139: 1.5713939 | L139: mg/L | M139: - | N139: - | O139: - | P139: 96 | Q139: h | R139: QSAR | S139: - | T139: In domain | U139: ECOSAR: FISH (SW) 96 h LC50 Mortality NEUTRAL ORGANICS (v1.11) | V139: QSAR Toolbox v.4.8 | W139: Fish (Saltwater) | X139: 96 h | Y139: LC50
B140: A-2 | C140: =VLOOKUP(B140,[1]물질정보!B:C,2,0) -> 205-25-4 | D140: =VLOOKUP(B140,[1]물질정보!B:D,3,0) -> 7H-Benzo[c]carbazole | E140: =VLOOKUP(B140,[1]물질정보!B:E,4,0) -> C16H11N | F140: =VLOOKUP(B140,[1]물질정보!B:F,5,0) -> 217.26 g/mol | G140: =VLOOKUP(B140,[1]물질정보!B:G,6,0) -> C1=CC=C2C(=C1)C=CC3=C2C4=CC=CC=C4N3 | H140: 환경 | I140: 어류급성독성 | J140: LC50 | K140: 1.2303463 | L140: mg/L | M140: - | N140: - | O140: - | P140: 96 | Q140: h | R140: QSAR | S140: - | T140: In domain | U140: ECOSAR: FISH 96 h LC50 Mortality Neutral Organics (v1.11) | V140: QSAR Toolbox v.4.8 | W140: Fish (Freshwater) | X140: 96 h | Y140: LC50
B141: A-2 | C141: =VLOOKUP(B141,[1]물질정보!B:C,2,0) -> 205-25-4 | D141: =VLOOKUP(B141,[1]물질정보!B:D,3,0) -> 7H-Benzo[c]carbazole | E141: =VLOOKUP(B141,[1]물질정보!B:E,4,0) -> C16H11N | F141: =VLOOKUP(B141,[1]물질정보!B:F,5,0) -> 217.26 g/mol | G141: =VLOOKUP(B141,[1]물질정보!B:G,6,0) -> C1=CC=C2C(=C1)C=CC3=C2C4=CC=CC=C4N3 | H141: 환경 | I141: 담수조류생장저해 | J141: EC50 | K141: 1.628874 | L141: mg/L | M141: - | N141: - | O141: - | P141: 96 | Q141: h | R141: QSAR | S141: - | T141: In domain | U141: ECOSAR: GREEN ALGAE 96 h EC50 NEUTRAL ORGANICS (v1.11) | V141: QSAR Toolbox v.4.8 | W141: Green Algae | X141: 96 h | Y141: EC50
B142: A-2 | C142: =VLOOKUP(B142,[1]물질정보!B:C,2,0) -> 205-25-4 | D142: =VLOOKUP(B142,[1]물질정보!B:D,3,0) -> 7H-Benzo[c]carbazole | E142: =VLOOKUP(B142,[1]물질정보!B:E,4,0) -> C16H11N | F142: =VLOOKUP(B142,[1]물질정보!B:F,5,0) -> 217.26 g/mol | G142: =VLOOKUP(B142,[1]물질정보!B:G,6,0) -> C1=CC=C2C(=C1)C=CC3=C2C4=CC=CC=C4N3 | H142: 환경 | I142: 담수조류생장저해 | J142: EC50 | K142: 1.628874 | L142: mg/L | M142: - | N142: - | O142: - | P142: 96 | Q142: h | R142: QSAR | S142: - | T142: In domain | U142: ECOSAR: GREEN ALGAE 96 h EC50 NEUTRAL ORGANICS (v1.11) | V142: QSAR Toolbox v.4.8 | W142: Green Algae | X142: 96 h | Y142: EC50
B143: B-5 | C143: =VLOOKUP(B143,[1]물질정보!B:C,2,0) -> 140-88-5 | D143: =VLOOKUP(B143,[1]물질정보!B:D,3,0) -> ethyl acrylate | E143: =VLOOKUP(B143,[1]물질정보!B:E,4,0) -> C5H8O2 | F143: =VLOOKUP(B143,[1]물질정보!B:F,5,0) -> 100.12 g/mol | G143: =VLOOKUP(B143,[1]물질정보!B:G,6,0) -> CCOC(=O)C=C | H143: 환경 | I143: 담수조류생장저해 | J143: EC50 | K143: - | L143: mg/L | M143: - | N143: - | O143: - | P143: 72 | Q143: h | R143: QSAR | S143: - | T143: Out of domain | U143: Pseudokirchneriella subcapitata 72h EC50 - Danish QSAR DB battery model (v1.0) | V143: QSAR Toolbox v.4.8 | W143: P. subcapitata | X143: 72 h | Y143: EC50
B144: B-5 | C144: =VLOOKUP(B144,[1]물질정보!B:C,2,0) -> 140-88-5 | D144: =VLOOKUP(B144,[1]물질정보!B:D,3,0) -> ethyl acrylate | E144: =VLOOKUP(B144,[1]물질정보!B:E,4,0) -> C5H8O2 | F144: =VLOOKUP(B144,[1]물질정보!B:F,5,0) -> 100.12 g/mol | G144: =VLOOKUP(B144,[1]물질정보!B:G,6,0) -> CCOC(=O)C=C | H144: 환경 | I144: 담수조류생장저해 | J144: EC50 | K144: - | L144: mg/L | M144: - | N144: - | O144: - | P144: 72 | Q144: h | R144: QSAR | S144: - | T144: Out of domain | U144: Pseudokirchneriella subcapitata 72h EC50 - Danish QSAR DB battery model (v1.0) | V144: QSAR Toolbox v.4.8 | W144: P. subcapitata | X144: 72 h | Y144: EC50
B145: B-5 | C145: =VLOOKUP(B145,[1]물질정보!B:C,2,0) -> 140-88-5 | D145: =VLOOKUP(B145,[1]물질정보!B:D,3,0) -> ethyl acrylate | E145: =VLOOKUP(B145,[1]물질정보!B:E,4,0) -> C5H8O2 | F145: =VLOOKUP(B145,[1]물질정보!B:F,5,0) -> 100.12 g/mol | G145: =VLOOKUP(B145,[1]물질정보!B:G,6,0) -> CCOC(=O)C=C | H145: 환경 | I145: 물벼룩급성독성 | J145: EC50 | K145: - | L145: mg/L | M145: - | N145: - | O145: - | P145: 48 | Q145: h | R145: QSAR | S145: - | T145: Out of domain | U145: Daphnia magna 48h EC50 - Danish QSAR DB battery model (v1.0) | V145: QSAR Toolbox v.4.8 | W145: Daphnia magna | X145: 48 h | Y145: EC50
B146: B-5 | C146: =VLOOKUP(B146,[1]물질정보!B:C,2,0) -> 140-88-5 | D146: =VLOOKUP(B146,[1]물질정보!B:D,3,0) -> ethyl acrylate | E146: =VLOOKUP(B146,[1]물질정보!B:E,4,0) -> C5H8O2 | F146: =VLOOKUP(B146,[1]물질정보!B:F,5,0) -> 100.12 g/mol | G146: =VLOOKUP(B146,[1]물질정보!B:G,6,0) -> CCOC(=O)C=C | H146: 환경 | I146: 물벼룩급성독성 | J146: EC50 | K146: - | L146: mg/L | M146: - | N146: - | O146: - | P146: 48 | Q146: h | R146: QSAR | S146: - | T146: Out of domain | U146: Daphnia magna 48h EC50 - Danish QSAR DB battery model (v1.0) | V146: QSAR Toolbox v.4.8 | W146: Daphnia magna | X146: 48 h | Y146: EC50
B147: B-5 | C147: =VLOOKUP(B147,[1]물질정보!B:C,2,0) -> 140-88-5 | D147: =VLOOKUP(B147,[1]물질정보!B:D,3,0) -> ethyl acrylate | E147: =VLOOKUP(B147,[1]물질정보!B:E,4,0) -> C5H8O2 | F147: =VLOOKUP(B147,[1]물질정보!B:F,5,0) -> 100.12 g/mol | G147: =VLOOKUP(B147,[1]물질정보!B:G,6,0) -> CCOC(=O)C=C | H147: 환경 | I147: 물벼룩급성독성 | J147: LC50 | K147: 5.8024217 | L147: mg/L | M147: - | N147: - | O147: - | P147: 48 | Q147: h | R147: QSAR | S147: - | T147: In domain | U147: ECOSAR: DAPHNIA 48 h LC50 Mortality Acrylates (v1.11) | V147: QSAR Toolbox v.4.8 | W147: Daphnia magna | X147: 48 h | Y147: LC50
B148: B-5 | C148: =VLOOKUP(B148,[1]물질정보!B:C,2,0) -> 140-88-5 | D148: =VLOOKUP(B148,[1]물질정보!B:D,3,0) -> ethyl acrylate | E148: =VLOOKUP(B148,[1]물질정보!B:E,4,0) -> C5H8O2 | F148: =VLOOKUP(B148,[1]물질정보!B:F,5,0) -> 100.12 g/mol | G148: =VLOOKUP(B148,[1]물질정보!B:G,6,0) -> CCOC(=O)C=C | H148: 환경 | I148: 물벼룩급성독성 | J148: LC50 | K148: 5.8024217 | L148: mg/L | M148: - | N148: - | O148: - | P148: 48 | Q148: h | R148: QSAR | S148: - | T148: In domain | U148: ECOSAR: DAPHNIA 48 h LC50 Mortality Acrylates (v1.11) | V148: QSAR Toolbox v.4.8 | W148: Daphnia magna | X148: 48 h | Y148: LC50
B149: B-5 | C149: =VLOOKUP(B149,[1]물질정보!B:C,2,0) -> 140-88-5 | D149: =VLOOKUP(B149,[1]물질정보!B:D,3,0) -> ethyl acrylate | E149: =VLOOKUP(B149,[1]물질정보!B:E,4,0) -> C5H8O2 | F149: =VLOOKUP(B149,[1]물질정보!B:F,5,0) -> 100.12 g/mol | G149: =VLOOKUP(B149,[1]물질정보!B:G,6,0) -> CCOC(=O)C=C | H149: 환경 | I149: 어류급성독성 | J149: LC50 | K149: - | L149: mg/L | M149: - | N149: - | O149: - | P149: 96 | Q149: h | R149: QSAR | S149: - | T149: Out of domain | U149: Fathead minnow 96h LC50 - Danish QSAR DB battery model (v1.0) | V149: QSAR Toolbox v.4.8 | W149: Fathead minnow | X149: 96 h | Y149: LC50
B150: B-5 | C150: =VLOOKUP(B150,[1]물질정보!B:C,2,0) -> 140-88-5 | D150: =VLOOKUP(B150,[1]물질정보!B:D,3,0) -> ethyl acrylate | E150: =VLOOKUP(B150,[1]물질정보!B:E,4,0) -> C5H8O2 | F150: =VLOOKUP(B150,[1]물질정보!B:F,5,0) -> 100.12 g/mol | G150: =VLOOKUP(B150,[1]물질정보!B:G,6,0) -> CCOC(=O)C=C | H150: 환경 | I150: 어류급성독성 | J150: LC50 | K150: - | L150: mg/L | M150: - | N150: - | O150: - | P150: 96 | Q150: h | R150: QSAR | S150: - | T150: Out of domain | U150: Fathead minnow 96h LC50 - Danish QSAR DB battery model (v1.0) | V150: QSAR Toolbox v.4.8 | W150: Fathead minnow | X150: 96 h | Y150: LC50
B151: B-5 | C151: =VLOOKUP(B151,[1]물질정보!B:C,2,0) -> 140-88-5 | D151: =VLOOKUP(B151,[1]물질정보!B:D,3,0) -> ethyl acrylate | E151: =VLOOKUP(B151,[1]물질정보!B:E,4,0) -> C5H8O2 | F151: =VLOOKUP(B151,[1]물질정보!B:F,5,0) -> 100.12 g/mol | G151: =VLOOKUP(B151,[1]물질정보!B:G,6,0) -> CCOC(=O)C=C | H151: 환경 | I151: 어류급성독성 | J151: LC50 | K151: 1.0434576 | L151: mg/L | M151: - | N151: - | O151: - | P151: 96 | Q151: h | R151: QSAR | S151: - | T151: In domain | U151: ECOSAR: FISH (SW) 96 h LC50 Mortality Acrylates (v1.11) | V151: QSAR Toolbox v.4.8 | W151: Fish (Saltwater) | X151: 96 h | Y151: LC50
B152: B-5 | C152: =VLOOKUP(B152,[1]물질정보!B:C,2,0) -> 140-88-5 | D152: =VLOOKUP(B152,[1]물질정보!B:D,3,0) -> ethyl acrylate | E152: =VLOOKUP(B152,[1]물질정보!B:E,4,0) -> C5H8O2 | F152: =VLOOKUP(B152,[1]물질정보!B:F,5,0) -> 100.12 g/mol | G152: =VLOOKUP(B152,[1]물질정보!B:G,6,0) -> CCOC(=O)C=C | H152: 환경 | I152: 어류급성독성 | J152: LC50 | K152: 2.1977117 | L152: mg/L | M152: - | N152: - | O152: - | P152: 96 | Q152: h | R152: QSAR | S152: - | T152: In domain | U152: ECOSAR: FISH 96 h LC50 Mortality Acrylates (v1.11) | V152: QSAR Toolbox v.4.8 | W152: Fish (Freshwater) | X152: 96 h | Y152: LC50
B153: B-5 | C153: =VLOOKUP(B153,[1]물질정보!B:C,2,0) -> 140-88-5 | D153: =VLOOKUP(B153,[1]물질정보!B:D,3,0) -> ethyl acrylate | E153: =VLOOKUP(B153,[1]물질정보!B:E,4,0) -> C5H8O2 | F153: =VLOOKUP(B153,[1]물질정보!B:F,5,0) -> 100.12 g/mol | G153: =VLOOKUP(B153,[1]물질정보!B:G,6,0) -> CCOC(=O)C=C | H153: 환경 | I153: 어류급성독성 | J153: LC50 | K153: 1.0434576 | L153: mg/L | M153: - | N153: - | O153: - | P153: 96 | Q153: h | R153: QSAR | S153: - | T153: In domain | U153: ECOSAR: FISH (SW) 96 h LC50 Mortality Acrylates (v1.11) | V153: QSAR Toolbox v.4.8 | W153: Fish (Saltwater) | X153: 96 h | Y153: LC50
B154: B-5 | C154: =VLOOKUP(B154,[1]물질정보!B:C,2,0) -> 140-88-5 | D154: =VLOOKUP(B154,[1]물질정보!B:D,3,0) -> ethyl acrylate | E154: =VLOOKUP(B154,[1]물질정보!B:E,4,0) -> C5H8O2 | F154: =VLOOKUP(B154,[1]물질정보!B:F,5,0) -> 100.12 g/mol | G154: =VLOOKUP(B154,[1]물질정보!B:G,6,0) -> CCOC(=O)C=C | H154: 환경 | I154: 어류급성독성 | J154: LC50 | K154: 2.1977117 | L154: mg/L | M154: - | N154: - | O154: - | P154: 96 | Q154: h | R154: QSAR | S154: - | T154: In domain | U154: ECOSAR: FISH 96 h LC50 Mortality Acrylates (v1.11) | V154: QSAR Toolbox v.4.8 | W154: Fish (Freshwater) | X154: 96 h | Y154: LC50
B155: B-5 | C155: =VLOOKUP(B155,[1]물질정보!B:C,2,0) -> 140-88-5 | D155: =VLOOKUP(B155,[1]물질정보!B:D,3,0) -> ethyl acrylate | E155: =VLOOKUP(B155,[1]물질정보!B:E,4,0) -> C5H8O2 | F155: =VLOOKUP(B155,[1]물질정보!B:F,5,0) -> 100.12 g/mol | G155: =VLOOKUP(B155,[1]물질정보!B:G,6,0) -> CCOC(=O)C=C | H155: 환경 | I155: 담수조류생장저해 | J155: EC50 | K155: 0.58052198 | L155: mg/L | M155: - | N155: - | O155: - | P155: 96 | Q155: h | R155: QSAR | S155: - | T155: In domain | U155: ECOSAR: GREEN ALGAE 96 h EC50 Acrylates (v1.11) | V155: QSAR Toolbox v.4.8 | W155: Green Algae | X155: 96 h | Y155: EC50
B156: B-5 | C156: =VLOOKUP(B156,[1]물질정보!B:C,2,0) -> 140-88-5 | D156: =VLOOKUP(B156,[1]물질정보!B:D,3,0) -> ethyl acrylate | E156: =VLOOKUP(B156,[1]물질정보!B:E,4,0) -> C5H8O2 | F156: =VLOOKUP(B156,[1]물질정보!B:F,5,0) -> 100.12 g/mol | G156: =VLOOKUP(B156,[1]물질정보!B:G,6,0) -> CCOC(=O)C=C | H156: 환경 | I156: 담수조류생장저해 | J156: EC50 | K156: 0.58052198 | L156: mg/L | M156: - | N156: - | O156: - | P156: 96 | Q156: h | R156: QSAR | S156: - | T156: In domain | U156: ECOSAR: GREEN ALGAE 96 h EC50 Acrylates (v1.11) | V156: QSAR Toolbox v.4.8 | W156: Green Algae | X156: 96 h | Y156: EC50
B157: A-1 | C157: =VLOOKUP(B157,[1]물질정보!B:C,2,0) -> - | D157: =VLOOKUP(B157,[1]물질정보!B:D,3,0) -> 9-(9H-Carbazol-9-yl)-7H-benzo[c]carbazole | E157: =VLOOKUP(B157,[1]물질정보!B:E,4,0) -> C28H18N2 | F157: =VLOOKUP(B157,[1]물질정보!B:F,5,0) -> 382.5 g/mol | G157: =VLOOKUP(B157,[1]물질정보!B:G,6,0) -> C1=CC=C2C(=C1)C=CC3=C2C4=C(N3)C=C(C=C4)N5C6=CC=CC=C6C7=CC=CC=C75 | H157: 환경 | I157: 물벼룩급성독성 | J157: LC50 | K157: 0.0040812 | L157: mg/L | M157: - | N157: - | O157: - | P157: 48 | Q157: h | R157: QSAR | S157: - | T157: Out of domain | U157: ECOSAR: DAPHNIA 48 h LC50 Mortality NEUTRAL ORGANICS (v1.11) | V157: QSAR Toolbox v.4.8 | W157: Daphnia magna | X157: 48 h | Y157: LC50
B158: A-1 | C158: =VLOOKUP(B158,[1]물질정보!B:C,2,0) -> - | D158: =VLOOKUP(B158,[1]물질정보!B:D,3,0) -> 9-(9H-Carbazol-9-yl)-7H-benzo[c]carbazole | E158: =VLOOKUP(B158,[1]물질정보!B:E,4,0) -> C28H18N2 | F158: =VLOOKUP(B158,[1]물질정보!B:F,5,0) -> 382.5 g/mol | G158: =VLOOKUP(B158,[1]물질정보!B:G,6,0) -> C1=CC=C2C(=C1)C=CC3=C2C4=C(N3)C=C(C=C4)N5C6=CC=CC=C6C7=CC=CC=C75 | H158: 환경 | I158: 어류급성독성 | J158: LC50 | K158: 0.00567238 | L158: mg/L | M158: - | N158: - | O158: - | P158: 96 | Q158: h | R158: QSAR | S158: - | T158: Out of domain | U158: ECOSAR: FISH (SW) 96 h LC50 Mortality NEUTRAL ORGANICS (v1.11) | V158: QSAR Toolbox v.4.8 | W158: Fish (Saltwater) | X158: 96 h | Y158: LC50
B159: A-1 | C159: =VLOOKUP(B159,[1]물질정보!B:C,2,0) -> - | D159: =VLOOKUP(B159,[1]물질정보!B:D,3,0) -> 9-(9H-Carbazol-9-yl)-7H-benzo[c]carbazole | E159: =VLOOKUP(B159,[1]물질정보!B:E,4,0) -> C28H18N2 | F159: =VLOOKUP(B159,[1]물질정보!B:F,5,0) -> 382.5 g/mol | G159: =VLOOKUP(B159,[1]물질정보!B:G,6,0) -> C1=CC=C2C(=C1)C=CC3=C2C4=C(N3)C=C(C=C4)N5C6=CC=CC=C6C7=CC=CC=C75 | H159: 환경 | I159: 어류급성독성 | J159: LC50 | K159: 0.004362174 | L159: mg/L | M159: - | N159: - | O159: - | P159: 96 | Q159: h | R159: QSAR | S159: - | T159: Out of domain | U159: ECOSAR: FISH 96 h LC50 Mortality Neutral Organics (v1.11) | V159: QSAR Toolbox v.4.8 | W159: Fish (Freshwater) | X159: 96 h | Y159: LC50
B160: A-1 | C160: =VLOOKUP(B160,[1]물질정보!B:C,2,0) -> - | D160: =VLOOKUP(B160,[1]물질정보!B:D,3,0) -> 9-(9H-Carbazol-9-yl)-7H-benzo[c]carbazole | E160: =VLOOKUP(B160,[1]물질정보!B:E,4,0) -> C28H18N2 | F160: =VLOOKUP(B160,[1]물질정보!B:F,5,0) -> 382.5 g/mol | G160: =VLOOKUP(B160,[1]물질정보!B:G,6,0) -> C1=CC=C2C(=C1)C=CC3=C2C4=C(N3)C=C(C=C4)N5C6=CC=CC=C6C7=CC=CC=C75 | H160: 환경 | I160: 담수조류생장저해 | J160: EC50 | K160: 0.023968105 | L160: mg/L | M160: - | N160: - | O160: - | P160: 96 | Q160: h | R160: QSAR | S160: - | T160: Out of domain | U160: ECOSAR: GREEN ALGAE 96 h EC50 NEUTRAL ORGANICS (v1.11) | V160: QSAR Toolbox v.4.8 | W160: Green Algae | X160: 96 h | Y160: EC50
B161: B-3 | C161: =VLOOKUP(B161,[1]물질정보!B:C,2,0) -> 97-88-1 | D161: =VLOOKUP(B161,[1]물질정보!B:D,3,0) -> butyl methacrylate | E161: =VLOOKUP(B161,[1]물질정보!B:E,4,0) -> C8H14O2 | F161: =VLOOKUP(B161,[1]물질정보!B:F,5,0) -> 142.2 g/mol | G161: =VLOOKUP(B161,[1]물질정보!B:G,6,0) -> CCCCOC(=O)C(=C)C | H161: 인체 | I161: 급성경구독성 | J161: LD50 | K161: - | L161: mg/kg/d | M161: Mouse | N161: - | O161: - | P161: 48 | Q161: h | R161: QSAR | S161: - | T161: Out of domain | U161: Acute toxicity in Mouse, Oral - Danish QSAR DB ACDLabs model (v1.0) | V161: QSAR Toolbox v.4.8 | W161: Mouse | X161: - | Y161: LD50
B162: B-3 | C162: =VLOOKUP(B162,[1]물질정보!B:C,2,0) -> 97-88-1 | D162: =VLOOKUP(B162,[1]물질정보!B:D,3,0) -> butyl methacrylate | E162: =VLOOKUP(B162,[1]물질정보!B:E,4,0) -> C8H14O2 | F162: =VLOOKUP(B162,[1]물질정보!B:F,5,0) -> 142.2 g/mol | G162: =VLOOKUP(B162,[1]물질정보!B:G,6,0) -> CCCCOC(=O)C(=C)C | H162: 인체 | I162: 급성경구독성 | J162: LD50 | K162: 6400 | L162: mg/kg bdwt/d | M162: Rat | N162: - | O162: - | P162: 48 | Q162: h | R162: QSAR | S162: - | T162: In domain | U162: Acute toxicity in Rat, Oral - Danish QSAR DB ACDLabs model (v1.0) | V162: QSAR Toolbox v.4.8 | W162: Rat | X162: - | Y162: LD50
B163: B-3 | C163: =VLOOKUP(B163,[1]물질정보!B:C,2,0) -> 97-88-1 | D163: =VLOOKUP(B163,[1]물질정보!B:D,3,0) -> butyl methacrylate | E163: =VLOOKUP(B163,[1]물질정보!B:E,4,0) -> C8H14O2 | F163: =VLOOKUP(B163,[1]물질정보!B:F,5,0) -> 142.2 g/mol | G163: =VLOOKUP(B163,[1]물질정보!B:G,6,0) -> CCCCOC(=O)C(=C)C | H163: 인체 | I163: 복귀돌연변이 | J163: Gene mutation | K163: negative | L163: - | M163: Salmonella Typhimurium | N163: - | O163: - | P163: - | Q163: - | R163: QSAR | S163: - | T163: In domain | U163: Ames test in S. typhimurium (in vitro) - Danish QSAR DB battery model (v1.0) | V163: QSAR Toolbox v.4.8 | W163: S. typhimurium | X163: - | Y163: Gene mutation
B164: B-3 | C164: =VLOOKUP(B164,[1]물질정보!B:C,2,0) -> 97-88-1 | D164: =VLOOKUP(B164,[1]물질정보!B:D,3,0) -> butyl methacrylate | E164: =VLOOKUP(B164,[1]물질정보!B:E,4,0) -> C8H14O2 | F164: =VLOOKUP(B164,[1]물질정보!B:F,5,0) -> 142.2 g/mol | G164: =VLOOKUP(B164,[1]물질정보!B:G,6,0) -> CCCCOC(=O)C(=C)C | H164: 인체 | I164: 복귀돌연변이 | J164: Gene mutation | K164: negative | L164: - | M164: Salmonella Typhimurium | N164: - | O164: - | P164: - | Q164: - | R164: QSAR | S164: - | T164: In domain | U164: Ames test in S. typhimurium (in vitro) - Danish QSAR DB CASE Ultra model (v1.0) | V164: QSAR Toolbox v.4.8 | W164: S. typhimurium | X164: - | Y164: Gene mutation
B165: B-3 | C165: =VLOOKUP(B165,[1]물질정보!B:C,2,0) -> 97-88-1 | D165: =VLOOKUP(B165,[1]물질정보!B:D,3,0) -> butyl methacrylate | E165: =VLOOKUP(B165,[1]물질정보!B:E,4,0) -> C8H14O2 | F165: =VLOOKUP(B165,[1]물질정보!B:F,5,0) -> 142.2 g/mol | G165: =VLOOKUP(B165,[1]물질정보!B:G,6,0) -> CCCCOC(=O)C(=C)C | H165: 인체 | I165: 복귀돌연변이 | J165: Gene mutation | K165: negative | L165: - | M165: Salmonella Typhimurium | N165: - | O165: - | P165: - | Q165: - | R165: QSAR | S165: - | T165: In domain | U165: Ames test in S. typhimurium (in vitro) - Danish QSAR DB Leadscope model (v1.0) | V165: QSAR Toolbox v.4.8 | W165: S. typhimurium | X165: - | Y165: Gene mutation
B166: B-3 | C166: =VLOOKUP(B166,[1]물질정보!B:C,2,0) -> 97-88-1 | D166: =VLOOKUP(B166,[1]물질정보!B:D,3,0) -> butyl methacrylate | E166: =VLOOKUP(B166,[1]물질정보!B:E,4,0) -> C8H14O2 | F166: =VLOOKUP(B166,[1]물질정보!B:F,5,0) -> 142.2 g/mol | G166: =VLOOKUP(B166,[1]물질정보!B:G,6,0) -> CCCCOC(=O)C(=C)C | H166: 인체 | I166: 복귀돌연변이 | J166: Gene mutation | K166: negative | L166: - | M166: Salmonella Typhimurium | N166: - | O166: - | P166: - | Q166: - | R166: QSAR | S166: - | T166: In domain | U166: Ames test in S. typhimurium (in vitro) - Danish QSAR DB SciQSAR model (v1.0) | V166: QSAR Toolbox v.4.8 | W166: S. typhimurium | X166: - | Y166: Gene mutation
B167: B-3 | C167: =VLOOKUP(B167,[1]물질정보!B:C,2,0) -> 97-88-1 | D167: =VLOOKUP(B167,[1]물질정보!B:D,3,0) -> butyl methacrylate | E167: =VLOOKUP(B167,[1]물질정보!B:E,4,0) -> C8H14O2 | F167: =VLOOKUP(B167,[1]물질정보!B:F,5,0) -> 142.2 g/mol | G167: =VLOOKUP(B167,[1]물질정보!B:G,6,0) -> CCCCOC(=O)C(=C)C | H167: 인체 | I167: 포유류 배양세포를 이용한 염색체이상 | J167: Chromosome aberration | K167: positive | L167: - | M167: Chinese Hamster | N167: CHL Cells | O167: - | P167: - | Q167: - | R167: QSAR | S167: - | T167: In domain | U167: Chromosome Aberrations in Chinese Hamster Lung (CHL) Cells - Danish QSAR DB battery model (v1.0) | V167: QSAR Toolbox v.4.8 | W167: CHL Cells | X167: - | Y167: Chromosome aberration
B168: B-3 | C168: =VLOOKUP(B168,[1]물질정보!B:C,2,0) -> 97-88-1 | D168: =VLOOKUP(B168,[1]물질정보!B:D,3,0) -> butyl methacrylate | E168: =VLOOKUP(B168,[1]물질정보!B:E,4,0) -> C8H14O2 | F168: =VLOOKUP(B168,[1]물질정보!B:F,5,0) -> 142.2 g/mol | G168: =VLOOKUP(B168,[1]물질정보!B:G,6,0) -> CCCCOC(=O)C(=C)C | H168: 인체 | I168: 포유류 배양세포를 이용한 염색체이상 | J168: Chromosome aberration | K168: positive | L168: - | M168: Chinese Hamster | N168: CHL Cells | O168: - | P168: - | Q168: - | R168: QSAR | S168: - | T168: In domain | U168: Chromosome Aberrations in Chinese Hamster Lung (CHL) Cells - Danish QSAR DB CASE Ultra model (v1.0) | V168: QSAR Toolbox v.4.8 | W168: CHL Cells | X168: - | Y168: Chromosome aberration
...
